"title,artist,album,duration,url"
"Mana,"""","""",""1:49"",""https://music.youtube.com/watch?v=W4i7AFfwDos&list=LM"""
"(Something),"""","""",""2:31"",""https://music.youtube.com/watch?v=KStzqp_AgnA&list=LM"""
"The Mighty Deep,"""","""",""2:40"",""https://music.youtube.com/watch?v=FRiBiH7f1O8&list=LM"""
"The Ordeal,"""","""",""7:18"",""https://music.youtube.com/watch?v=g2QvVRzmEtM&list=LM"""
"Memoire (Vinyl Version),"""","""",""3:28"",""https://music.youtube.com/watch?v=SS8DPPWT61I&list=LM"""
"Being a Teenager and the Awkwardness of Backseat Sex,"""","""",""8:48"",""https://music.youtube.com/watch?v=cO-s8g-QukA&list=LM"""
"Dull Knife Pt. I,"""","""",""5:01"",""https://music.youtube.com/watch?v=S-yqmJcQYdQ&list=LM"""
"Falling Apart,"""","""",""4:18"",""https://music.youtube.com/watch?v=tkNIOhkFrx0&list=LM"""
"Ghost Tears,"""","""",""4:15"",""https://music.youtube.com/watch?v=LYPfND0dK-w&list=LM"""
"The Sorrowbringer,"""","""",""2:24"",""https://music.youtube.com/watch?v=z_M812McCvo&list=LM"""
"Below the House,"""","""",""3:42"",""https://music.youtube.com/watch?v=73840AXmqZQ&list=LM"""
"Final Call,"""","""",""4:14"",""https://music.youtube.com/watch?v=mAwyOzP5Xr8&list=LM"""
"Burial,"""","""",""4:41"",""https://music.youtube.com/watch?v=F8W-NbjJGzE&list=LM"""
"Hyenas,"""","""",""5:22"",""https://music.youtube.com/watch?v=jI7F81-8JHY&list=LM"""
"If All Else Fails,"""","""",""3:25"",""https://music.youtube.com/watch?v=siMvVF7M0hU&list=LM"""
"Mend,"""","""",""3:43"",""https://music.youtube.com/watch?v=sYp-yyvqoUA&list=LM"""
"Chlorophyll,"""","""",""2:29"",""https://music.youtube.com/watch?v=P-PRmdHlrqw&list=LM"""
"Over,"""","""",""2:54"",""https://music.youtube.com/watch?v=g9hk1PO_qvE&list=LM"""
"See Through,"""","""",""3:42"",""https://music.youtube.com/watch?v=u4uah0lX2OU&list=LM"""
"Stratosphere,"""","""",""6:58"",""https://music.youtube.com/watch?v=Kt0EgzpyVgk&list=LM"""
"As the Sun Dies,"""","""",""3:58"",""https://music.youtube.com/watch?v=SzjklUu_yqU&list=LM"""
"supernAtural,"""","""",""2:39"",""https://music.youtube.com/watch?v=wahZsrpwF94&list=LM"""
"Spleen,"""","""",""3:18"",""https://music.youtube.com/watch?v=jJtl4Ctrceo&list=LM"""
"Devil in the details,"""","""",""3:37"",""https://music.youtube.com/watch?v=YTOblKaPK9Q&list=LM"""
"I Don't Want to Exist,"""","""",""2:04"",""https://music.youtube.com/watch?v=Si8pLbB25zA&list=LM"""
"The Other Side,"""","""",""4:40"",""https://music.youtube.com/watch?v=X1hbGdnivps&list=LM"""
"Killing,"""","""",""3:37"",""https://music.youtube.com/watch?v=pMhUQ8R8VLI&list=LM"""
"Waverer,"""","""",""2:55"",""https://music.youtube.com/watch?v=2VoeGIbwqTM&list=LM"""
"Vaf?r??nir,"""","""",""9:08"",""https://music.youtube.com/watch?v=euKQsZeXXpk&list=LM"""
"Naglfar, Ship of the Dead,"""","""",""3:33"",""https://music.youtube.com/watch?v=Meb8AKN2XyY&list=LM"""
"I Hels sk?te,"""","""",""4:41"",""https://music.youtube.com/watch?v=O08mYEqXpP0&list=LM"""
"L'Oratoire,"""","""",""4:57"",""https://music.youtube.com/watch?v=egzNumWzOxI&list=LM"""
"Ephialtes,"""","""",""5:54"",""https://music.youtube.com/watch?v=uZVr5w0Rxu4&list=LM"""
"Megaloschemos II,"""","""",""2:40"",""https://music.youtube.com/watch?v=ITvpi9uK6K8&list=LM"""
"Yekteniya IV,"""","""",""5:20"",""https://music.youtube.com/watch?v=o_rKSTh6ViE&list=LM"""
"Tretij Czas,"""","""",""5:00"",""https://music.youtube.com/watch?v=53dtLBhPi_A&list=LM"""
"Hellion,"""","""",""3:35"",""https://music.youtube.com/watch?v=SWFmXN5qY_U&list=LM"""
"Super Silver Haze,"""","""",""4:43"",""https://music.youtube.com/watch?v=2UqqRz76JsM&list=LM"""
"My Ashes,"""","""",""5:10"",""https://music.youtube.com/watch?v=QCW8PURg7s8&list=LM"""
"EQUALS,"""","""",""9:29"",""https://music.youtube.com/watch?v=lzk8knat8V0&list=LM"""
"Farewell,"""","""",""7:34"",""https://music.youtube.com/watch?v=3Ej-CcaHUKA&list=LM"""
"In The Meantime,"""","""",""3:09"",""https://music.youtube.com/watch?v=e3lZSy5DPsI&list=LM"""
"Below the Salt,"""","""",""10:40"",""https://music.youtube.com/watch?v=2nn-uHUlknY&list=LM"""
"Chocolate And Mint,"""","""",""4:53"",""https://music.youtube.com/watch?v=UAFJPPc3gQQ&list=LM"""
"November Cold,"""","""",""3:36"",""https://music.youtube.com/watch?v=quGjvowgqaI&list=LM"""
"perfect hell,"""","""",""2:42"",""https://music.youtube.com/watch?v=3YgdtUfEyzk&list=LM"""
"SOLVE COAGULA,"""","""",""4:23"",""https://music.youtube.com/watch?v=fYWHZdskZbQ&list=LM"""
"In Bad Dreams (feat. Crippled Black Phoenix),"""","""",""3:08"",""https://music.youtube.com/watch?v=UBLgDRK52QA&list=LM"""
"Vermilion, Pt. 2,"""","""",""3:45"",""https://music.youtube.com/watch?v=RqcZYhZXqrs&list=LM"""
"The Space In Between,"""","""",""3:35"",""https://music.youtube.com/watch?v=FeAvIfqAQbc&list=LM"""
"I'm So Tired,"""","""",""1:59"",""https://music.youtube.com/watch?v=_Nv11dYMsXQ&list=LM"""
"The Eternal (2007 Remaster),"""","""",""6:05"",""https://music.youtube.com/watch?v=3YkutkTQOqc&list=LM"""
"Relax,"""","""",""7:43"",""https://music.youtube.com/watch?v=vFO2Izyg0Bc&list=LM"""
"Signals,"""","""",""10:53"",""https://music.youtube.com/watch?v=Q324Q-dHJm0&list=LM"""
"Pilgrim's Rest,"""","""",""3:18"",""https://music.youtube.com/watch?v=QXEDhJ5pNi8&list=LM"""
"Far Harad (Bonus Track),"""","""",""4:10"",""https://music.youtube.com/watch?v=WUjFyg4KLuI&list=LM"""
"Summer,"""","""",""3:26"",""https://music.youtube.com/watch?v=Cve0gIhyN9k&list=LM"""
"Esoteric,"""","""",""2:08"",""https://music.youtube.com/watch?v=tKfyt_Qg88Y&list=LM"""
"Black Magick Spell,"""","""",""3:21"",""https://music.youtube.com/watch?v=q2GJ-ZdEZ_g&list=LM"""
"You Wish,"""","""",""9:36"",""https://music.youtube.com/watch?v=pOiOyFOV5Oc&list=LM"""
"Clear I,"""","""",""3:41"",""https://music.youtube.com/watch?v=6U2ZefIseYU&list=LM"""
"Clear II,"""","""",""2:47"",""https://music.youtube.com/watch?v=nsr-en5MdHc&list=LM"""
"Onyx,"""","""",""3:52"",""https://music.youtube.com/watch?v=D7-SvOWomyM&list=LM"""
"I Am the Gravity,"""","""",""4:30"",""https://music.youtube.com/watch?v=tpaWj-B6cCI&list=LM"""
"Hypersurreal,"""","""",""4:50"",""https://music.youtube.com/watch?v=mcZbNUW_51g&list=LM"""
"De Dood In Bloei,"""","""",""4:39"",""https://music.youtube.com/watch?v=6oMn-Z4Z8-E&list=LM"""
"High Tide,"""","""",""6:53"",""https://music.youtube.com/watch?v=kZIP7MXcOpU&list=LM"""
"Orestes,"""","""",""4:49"",""https://music.youtube.com/watch?v=TVF7Z3Pj_-I&list=LM"""
"Emerging,"""","""",""7:09"",""https://music.youtube.com/watch?v=jieoGeBlo-U&list=LM"""
"The Red,"""","""",""3:59"",""https://music.youtube.com/watch?v=z1ndFL1v34E&list=LM"""
"Crystal Ann,"""","""",""1:42"",""https://music.youtube.com/watch?v=e7a8EOwByZM&list=LM"""
"Hugsja,"""","""",""4:36"",""https://music.youtube.com/watch?v=Qg_IDDzVS_E&list=LM"""
"WAVES (feat. CAMMIE GILBERT),"""","""",""9:11"",""https://music.youtube.com/watch?v=nqwJX-TZx0c&list=LM"""
"Lo,"""","""",""6:38"",""https://music.youtube.com/watch?v=TgDPUQDOdDs&list=LM"""
"Candy,"""","""",""5:51"",""https://music.youtube.com/watch?v=GPnqVsODSt0&list=LM"""
"God Is Dead?,"""","""",""8:53"",""https://music.youtube.com/watch?v=kkcHZQ_hZWk&list=LM"""
"Homecoming: Denied!,"""","""",""7:54"",""https://music.youtube.com/watch?v=K9LaMCgUWiE&list=LM"""
"Into Distance,"""","""",""7:35"",""https://music.youtube.com/watch?v=mbU1ljSmGZ4&list=LM"""
"Exemption,"""","""",""6:28"",""https://music.youtube.com/watch?v=axrg0y2y-G0&list=LM"""
"Endless...,"""","""",""5:33"",""https://music.youtube.com/watch?v=7KuLpsUHGLs&list=LM"""
"Inner Voices,"""","""",""2:55"",""https://music.youtube.com/watch?v=NNhIHnirTkk&list=LM"""
"They Rode On,"""","""",""8:43"",""https://music.youtube.com/watch?v=y1shqeyKVPI&list=LM"""
"The Eerie Cold,"""","""",""5:52"",""https://music.youtube.com/watch?v=AZOU9wKdLbQ&list=LM"""
"Hollow Stone,"""","""",""4:16"",""https://music.youtube.com/watch?v=lyZstvo5TCY&list=LM"""
"It Always Comes Back,"""","""",""5:51"",""https://music.youtube.com/watch?v=tSo4vqcFFL0&list=LM"""
"Bored,"""","""",""4:06"",""https://music.youtube.com/watch?v=QPXLYUHJP1Y&list=LM"""
"Melantroduction,"""","""",""3:16"",""https://music.youtube.com/watch?v=ZP6OkstgB9I&list=LM"""
"Cain,"""","""",""5:26"",""https://music.youtube.com/watch?v=cbyodXriMyI&list=LM"""
"POTHAMUS - Abur in the Ark,"""","""",""1:05:14"",""https://music.youtube.com/watch?v=DAoCQ_2HtjU&list=LM"""
"Orath,"""","""",""11:09"",""https://music.youtube.com/watch?v=aPM9YjWVdWM&list=LM"""
"Viso,"""","""",""9:27"",""https://music.youtube.com/watch?v=Z2LXEITU_Yg&list=LM"""
"Unha Ofrenta de ?sos,"""","""",""6:32"",""https://music.youtube.com/watch?v=xUdqDVHxbL4&list=LM"""
"The Swan,"""","""",""6:29"",""https://music.youtube.com/watch?v=y60E7DCiS-s&list=LM"""
"Sorg,"""","""",""6:07"",""https://music.youtube.com/watch?v=33v9oTMRMmI&list=LM"""
"Silently I Surrender,"""","""",""8:03"",""https://music.youtube.com/watch?v=ZoFoQ5yQxwU&list=LM"""
"Wehmut,"""","""",""3:00"",""https://music.youtube.com/watch?v=EYRQG9a9jGE&list=LM"""
"Landlocked (Live),"""","""",""4:38"",""https://music.youtube.com/watch?v=_LTxt7DgXMk&list=LM"""
"Welcome to the Machine,"""","""",""6:41"",""https://music.youtube.com/watch?v=r1u2XOwQ_yM&list=LM"""
"I Skumringstimen,"""","""",""3:31"",""https://music.youtube.com/watch?v=voZO5gm60_o&list=LM"""
"Reality Clash,"""","""",""7:46"",""https://music.youtube.com/watch?v=xbUxx0rmuc4&list=LM"""
"Everything You Know Is Wrong (Acoustic),"""","""",""2:56"",""https://music.youtube.com/watch?v=mZxLTuCL-1M&list=LM"""
"Everything You Know Is Wrong,"""","""",""4:04"",""https://music.youtube.com/watch?v=2xvpOvlh27k&list=LM"""
"Magma,"""","""",""4:27"",""https://music.youtube.com/watch?v=WS9hDJpSwPM&list=LM"""
"Trial of Past,"""","""",""5:15"",""https://music.youtube.com/watch?v=PxRSY6cY6cY&list=LM"""
"Why so Lonely,"""","""",""5:15"",""https://music.youtube.com/watch?v=UzJEdNngx10&list=LM"""
"A Life All Mine,"""","""",""5:08"",""https://music.youtube.com/watch?v=3XznQiIcuP0&list=LM"""
"A Fine Day to Exit,"""","""",""6:49"",""https://music.youtube.com/watch?v=_ZwFceamokg&list=LM"""
"Landlocked,"""","""",""4:01"",""https://music.youtube.com/watch?v=3fjhrbZ06xA&list=LM"""
"The Freak Show,"""","""",""5:11"",""https://music.youtube.com/watch?v=vHQCY3N4WRQ&list=LM"""
"Autumn I,"""","""",""4:24"",""https://music.youtube.com/watch?v=_pZ1zDWCUOU&list=LM"""
"Blister,"""","""",""3:38"",""https://music.youtube.com/watch?v=4ck4wolBXB4&list=LM"""
"Change (In the House of Flies) [Acoustic] [2005 Remaster] (Acoustic; 2005 Remaster),"""","""",""5:17"",""https://music.youtube.com/watch?v=4SOsljKynx4&list=LM"""
"Tourniquet,"""","""",""4:29"",""https://music.youtube.com/watch?v=8yonCpzQWwc&list=LM"""
"Essence of Black,"""","""",""5:36"",""https://music.youtube.com/watch?v=ldgrXPhpn5o&list=LM"""
"No Celebration,"""","""",""3:49"",""https://music.youtube.com/watch?v=qY2HFu9oMhk&list=LM"""
"Stress,"""","""",""5:03"",""https://music.youtube.com/watch?v=twT2-60_Ab4&list=LM"""
"Voodoo,"""","""",""4:43"",""https://music.youtube.com/watch?v=XaiYxczjZ0U&list=LM"""
"Graveyard Disciples,"""","""",""3:22"",""https://music.youtube.com/watch?v=A5hBQzJE58M&list=LM"""
"Lover's Grief,"""","""",""9:12"",""https://music.youtube.com/watch?v=bfTrg4Q1tmI&list=LM"""
"The 8th Day: Mourning,"""","""",""6:08"",""https://music.youtube.com/watch?v=i39jMMvG2Fk&list=LM"""
"Floods,"""","""",""7:00"",""https://music.youtube.com/watch?v=y07nCSxwkso&list=LM"""
"Plateau of the Ages,"""","""",""12:27"",""https://music.youtube.com/watch?v=UEt1_nRY8LM&list=LM"""
"Fraccions,"""","""",""4:57"",""https://music.youtube.com/watch?v=jMmsjnCCQ3A&list=LM"""
"(Serpens Caput) (feat. Nathanael Larochette),"""","""",""3:07"",""https://music.youtube.com/watch?v=8wZ-X549ZU0&list=LM"""
"To Drown,"""","""",""10:28"",""https://music.youtube.com/watch?v=fpMjsCK43ew&list=LM"""
"Black Lake Ni?st?ng,"""","""",""17:35"",""https://music.youtube.com/watch?v=ktL2xfaLXM4&list=LM"""
"The Ghosts Of Summer's Past,"""","""",""5:56"",""https://music.youtube.com/watch?v=2lr-MqtDE-g&list=LM"""
"A Glimpse of Sorrow (feat. Pim Blankenstein),"""","""",""11:47"",""https://music.youtube.com/watch?v=zISa5JQOLAQ&list=LM"""
"Thou Art Free,"""","""",""4:47"",""https://music.youtube.com/watch?v=c7208kMCr4k&list=LM"""
"Tied My Hands,"""","""",""5:14"",""https://music.youtube.com/watch?v=22_XVqpK7Bo&list=LM"""
"Bridge to Cross,"""","""",""5:50"",""https://music.youtube.com/watch?v=LQ04BkiDyts&list=LM"""
"Everwake,"""","""",""2:40"",""https://music.youtube.com/watch?v=mpJ20iIwi1k&list=LM"""
"Blackened Waters,"""","""",""3:57"",""https://music.youtube.com/watch?v=NyRRqPTcbsU&list=LM"""
"Fire It Up,"""","""",""5:00"",""https://music.youtube.com/watch?v=Gnhzi2_f0y8&list=LM"""
"Rust,"""","""",""6:09"",""https://music.youtube.com/watch?v=cxGZj3xLzfI&list=LM"""
"Kingdom,"""","""",""9:32"",""https://music.youtube.com/watch?v=lJVkvAx_W5Q&list=LM"""
"Ring Of Gold,"""","""",""5:36"",""https://music.youtube.com/watch?v=ollAN6rtYzc&list=LM"""
"Reflection,"""","""",""11:08"",""https://music.youtube.com/watch?v=f9vp7Jbc0p8&list=LM"""
"Dear Sun,"""","""",""3:33"",""https://music.youtube.com/watch?v=hRj8hS3KKDI&list=LM"""
"Sleeping Murder,"""","""",""8:35"",""https://music.youtube.com/watch?v=ELDZitqQtug&list=LM"""
"...In The Mist,"""","""",""13:44"",""https://music.youtube.com/watch?v=LgtrGu2ndwU&list=LM"""
"Paradise Belongs To You,"""","""",""10:15"",""https://music.youtube.com/watch?v=rjZtWIWjoNU&list=LM"""
"Someone I (Don't) Know,"""","""",""7:43"",""https://music.youtube.com/watch?v=JnxwpYwH_W0&list=LM"""
"Softly On The Path You Fade,"""","""",""7:09"",""https://music.youtube.com/watch?v=Nhos3kY6mdU&list=LM"""
"Burning Clean (Friction Album Version),"""","""",""6:30"",""https://music.youtube.com/watch?v=4B9Nhj1_cd4&list=LM"""
"Chains,"""","""",""8:56"",""https://music.youtube.com/watch?v=99mpBY3mSXU&list=LM"""
"With Or Without,"""","""",""6:25"",""https://music.youtube.com/watch?v=syhd7G0Hykk&list=LM"""
"The Oaken Throne,"""","""",""7:28"",""https://music.youtube.com/watch?v=b7p2CRxGXW4&list=LM"""
"Heaven Was Blind to My Grief,"""","""",""8:33"",""https://music.youtube.com/watch?v=bLrxbI4DwNQ&list=LM"""
"Where at Night the Wood Grouse Plays,"""","""",""5:32"",""https://music.youtube.com/watch?v=FMd76RsA51c&list=LM"""
"Black Orchid (Studio),"""","""",""3:41"",""https://music.youtube.com/watch?v=5RcLwmPG3ys&list=LM"""
"Sunset Of Age (Studio),"""","""",""6:56"",""https://music.youtube.com/watch?v=AomEZbdbOQc&list=LM"""
"Alone (Studio),"""","""",""4:25"",""https://music.youtube.com/watch?v=FtI8ceAhZag&list=LM"""
"Porcelain Heart,"""","""",""8:01"",""https://music.youtube.com/watch?v=1ShepIkD8xU&list=LM"""
"Sound Of Snow,"""","""",""4:42"",""https://music.youtube.com/watch?v=FtfRZ4kjv0w&list=LM"""
"Everything Here Is Black and Blinding,"""","""",""7:43"",""https://music.youtube.com/watch?v=RpGRe26Y3CI&list=LM"""
"Under The Weeping Moon,"""","""",""9:53"",""https://music.youtube.com/watch?v=AP0-qbw-dSg&list=LM"""
"From Forest to Firmament,"""","""",""9:32"",""https://music.youtube.com/watch?v=Jy8u9emRuHM&list=LM"""
"Closer,"""","""",""6:22"",""https://music.youtube.com/watch?v=TCaWi321SPU&list=LM"""
"Harmonium,"""","""",""5:29"",""https://music.youtube.com/watch?v=rQEVmh6aZVQ&list=LM"""
"Anyone, Anywhere,"""","""",""4:51"",""https://music.youtube.com/watch?v=Vzie8_XlpWA&list=LM"""
"Loddf?fnir,"""","""",""5:18"",""https://music.youtube.com/watch?v=L9LxO7QFx-c&list=LM"""
"En fragmentarisk resa genom tidsrymden,"""","""",""13:09"",""https://music.youtube.com/watch?v=LTb5oWLfMoA&list=LM"""
"As the Northern Wind Cries,"""","""",""5:24"",""https://music.youtube.com/watch?v=B6gq1YU-ibg&list=LM"""
"Grey,"""","""",""8:10"",""https://music.youtube.com/watch?v=tsM2wPmcK88&list=LM"""
"Leaving Eden,"""","""",""5:51"",""https://music.youtube.com/watch?v=NwpBKVTeMVI&list=LM"""
"Liturgiya,"""","""",""6:33"",""https://music.youtube.com/watch?v=MY2DF1KVatM&list=LM"""
"Pantheist,"""","""",""7:18"",""https://music.youtube.com/watch?v=MsjQolqZpGM&list=LM"""
"Febersvan,"""","""",""7:28"",""https://music.youtube.com/watch?v=P6oqwy68qyU&list=LM"""
"Cult Classic,"""","""",""4:54"",""https://music.youtube.com/watch?v=0ZdiW1nhw2k&list=LM"""
"????? 5,"""","""",""5:34"",""https://music.youtube.com/watch?v=XVBkYi7FoPs&list=LM"""
"Bubbles,"""","""",""4:39"",""https://music.youtube.com/watch?v=w2QzK--snhY&list=LM"""
"Cheyenne,"""","""",""4:25"",""https://music.youtube.com/watch?v=nf3GL-8FWBg&list=LM"""
"Schoenberg,"""","""",""4:00"",""https://music.youtube.com/watch?v=QrTIa4dATZw&list=LM"""
"In Tooth & Claw,"""","""",""5:43"",""https://music.youtube.com/watch?v=WQeqnoQaSi0&list=LM"""
"Blvd. Nights,"""","""",""3:09"",""https://music.youtube.com/watch?v=UW970rB73fw&list=LM"""
"Flesh From Bone,"""","""",""4:19"",""https://music.youtube.com/watch?v=sjXx0Y9S6Ek&list=LM"""
"The Anger Song,"""","""",""4:22"",""https://music.youtube.com/watch?v=vjju8w1T9kQ&list=LM"""
"Bitches Brew,"""","""",""3:29"",""https://music.youtube.com/watch?v=rZsthN6UDqI&list=LM"""
"Burn The Bones,"""","""",""2:55"",""https://music.youtube.com/watch?v=Xb1iGsAnWTQ&list=LM"""
"The Abyss Looks into Me,"""","""",""9:03"",""https://music.youtube.com/watch?v=OdPNFTruxfc&list=LM"""
"The Magic of Nature,"""","""",""7:25"",""https://music.youtube.com/watch?v=uD3mOE6ce4E&list=LM"""
"Chanson d'automne,"""","""",""7:40"",""https://music.youtube.com/watch?v=1YkkSWMF__g&list=LM"""
"Black Crown,"""","""",""5:44"",""https://music.youtube.com/watch?v=arPa6weKiOk&list=LM"""
"The Throne Abandoned,"""","""",""8:54"",""https://music.youtube.com/watch?v=ECV5QFvQ6Kw&list=LM"""
"Forsaken,"""","""",""3:50"",""https://music.youtube.com/watch?v=cYXkbTsoEe8&list=LM"""
"Age of Rest,"""","""",""4:11"",""https://music.youtube.com/watch?v=MmR-uQbz92g&list=LM"""
"Watchtower,"""","""",""4:55"",""https://music.youtube.com/watch?v=KRR7K1fySAc&list=LM"""
"Illa Ti?andi,"""","""",""6:04"",""https://music.youtube.com/watch?v=Qe6MLLJjCRA&list=LM"""
"Serpent's,"""","""",""4:29"",""https://music.youtube.com/watch?v=zZojzJs78_4&list=LM"""
"Spirituelles Equilibrium,"""","""",""4:39"",""https://music.youtube.com/watch?v=O5_n1689nvA&list=LM"""
"Soulscape,"""","""",""13:14"",""https://music.youtube.com/watch?v=NmtJj0I-uo8&list=LM"""
"Anhedonia,"""","""",""5:22"",""https://music.youtube.com/watch?v=hj4QcKs4kpo&list=LM"""
"You Lied,"""","""",""6:55"",""https://music.youtube.com/watch?v=Br4SbTLIlMI&list=LM"""
"Tool - You Lied [HD],"""","""",""9:18"",""https://music.youtube.com/watch?v=jmkRHo4Vca4&list=LM"""
"Sargeist - Empire of Suffering (Piano Cover),"""","""",""5:49"",""https://music.youtube.com/watch?v=2k2h-aAOnIQ&list=LM"""
"Forlorn in Silence,"""","""",""3:51"",""https://music.youtube.com/watch?v=kSasHgpZ5wM&list=LM"""
"Locked, Empty Room,"""","""",""9:13"",""https://music.youtube.com/watch?v=Tl4mQyHpQfw&list=LM"""
"Siren,"""","""",""5:26"",""https://music.youtube.com/watch?v=3dIhgIWf9mo&list=LM"""
"Bored,"""","""",""3:11"",""https://music.youtube.com/watch?v=VMZfYe9nQLA&list=LM"""
"Indigo,"""","""",""3:12"",""https://music.youtube.com/watch?v=nELjxfDvcK4&list=LM"""
"Dimensional Bleed,"""","""",""2:40"",""https://music.youtube.com/watch?v=yGf_nSF6P4s&list=LM"""
"Swan,"""","""",""3:16"",""https://music.youtube.com/watch?v=MqcgiL2w2w4&list=LM"""
"Flood Street,"""","""",""3:03"",""https://music.youtube.com/watch?v=pAXAfC8I0Bs&list=LM"""
"Maggot Brain,"""","""",""3:02"",""https://music.youtube.com/watch?v=Mrez09sVPY0&list=LM"""
"Die Toteninsel (Shooting Stars),"""","""",""3:36"",""https://music.youtube.com/watch?v=OMSRzkMupEw&list=LM"""
"Never Came Home,"""","""",""9:03"",""https://music.youtube.com/watch?v=zV6cAq2AwFM&list=LM"""
"Everybody Dies Alone,"""","""",""6:13"",""https://music.youtube.com/watch?v=J6swnK7dihM&list=LM"""
"The Killing Tent,"""","""",""4:19"",""https://music.youtube.com/watch?v=7e9CkK2RYEk&list=LM"""
"Sonder,"""","""",""3:32"",""https://music.youtube.com/watch?v=Sj7C1fqWKs8&list=LM"""
"Room,"""","""",""7:31"",""https://music.youtube.com/watch?v=wXFc79MvD0U&list=LM"""
"Voice of Slumber,"""","""",""4:53"",""https://music.youtube.com/watch?v=HIh8W95gVPE&list=LM"""
"Dismantling Devotion,"""","""",""7:00"",""https://music.youtube.com/watch?v=dsHiYA2Vv4I&list=LM"""
"Endurance,"""","""",""5:00"",""https://music.youtube.com/watch?v=hHJlu6CpdV0&list=LM"""
"Unwinding Spirits (feat. Manuel Gagneux),"""","""",""9:35"",""https://music.youtube.com/watch?v=zLydnqChXIs&list=LM"""
"I Want To Touch You,"""","""",""3:55"",""https://music.youtube.com/watch?v=-ZsZHfWbTHs&list=LM"""
"Chikoi The Maid - Wishes,"""","""",""6:02"",""https://music.youtube.com/watch?v=twpkb08f0Ek&list=LM"""
"Where I Go,"""","""",""3:43"",""https://music.youtube.com/watch?v=4akKONBlwuY&list=LM"""
"Angel,"""","""",""3:20"",""https://music.youtube.com/watch?v=rIBWBrJzXU0&list=LM"""
"Hymn Til D?den,"""","""",""3:52"",""https://music.youtube.com/watch?v=BNC7mYKxUpg&list=LM"""
"Utrenia,"""","""",""5:27"",""https://music.youtube.com/watch?v=mPRfKPZHIJQ&list=LM"""
"Seeds of the Desolate,"""","""",""6:31"",""https://music.youtube.com/watch?v=buVfH01JzqU&list=LM"""
"Begeerte,"""","""",""6:44"",""https://music.youtube.com/watch?v=mYjyybh0nBc&list=LM"""
"Waiting for the Light,"""","""",""4:42"",""https://music.youtube.com/watch?v=sjATIHdVBQA&list=LM"""
"Beneath the Fading Sun,"""","""",""4:26"",""https://music.youtube.com/watch?v=RHvxBiGlAOI&list=LM"""
"No One,"""","""",""3:25"",""https://music.youtube.com/watch?v=XG8uWllgVYo&list=LM"""
"Empty Faith,"""","""",""3:59"",""https://music.youtube.com/watch?v=VmheYrUzazs&list=LM"""
"I can't do it no more,"""","""",""3:15"",""https://music.youtube.com/watch?v=uS1bjGPyry8&list=LM"""
"SILENCER - Sterile Nails and Thunderbowels (intrumental),"""","""",""6:19"",""https://music.youtube.com/watch?v=zn947d8m5mg&list=LM"""
"Bittersweet Mary,"""","""",""3:55"",""https://music.youtube.com/watch?v=GWtK3ENk9bI&list=LM"""
"Through Corridors of Oppression,"""","""",""4:08"",""https://music.youtube.com/watch?v=BPGqhCCsJ58&list=LM"""
"Livets L?nga Resa,"""","""",""5:15"",""https://music.youtube.com/watch?v=PeJnhsCXNtw&list=LM"""
"Night's Blood,"""","""",""6:42"",""https://music.youtube.com/watch?v=b1zuqV7L6dk&list=LM"""
"We remain,"""","""",""6:14"",""https://music.youtube.com/watch?v=dw5PSEXkNfo&list=LM"""
"Tystnadsplikt,"""","""",""4:02"",""https://music.youtube.com/watch?v=zWuztbdQINw&list=LM"""
"Longing for an End,"""","""",""7:08"",""https://music.youtube.com/watch?v=PsS5v7468kk&list=LM"""
"The day i finally left my pain behind,"""","""",""6:07"",""https://music.youtube.com/watch?v=bArJ_6kwhOg&list=LM"""
"Sink Into Sin - II,"""","""",""3:34"",""https://music.youtube.com/watch?v=yUYZtB5WnNY&list=LM"""
"NOBODYINFACT - SUBTELNO?? (from CZELU?? #5 compilation),"""","""",""3:50"",""https://music.youtube.com/watch?v=9nV0_zWJgSY&list=LM"""
"Silent Circus,"""","""",""2:56"",""https://music.youtube.com/watch?v=sYWayhJUETc&list=LM"""
"one last touch... (dsbm),"""","""",""3:24"",""https://music.youtube.com/watch?v=BIPHGJIiXyM&list=LM"""
"Get Away (feat. Joao),"""","""",""4:36"",""https://music.youtube.com/watch?v=6ZhuOd_0-Ps&list=LM"""
"Adore the Distance,"""","""",""4:38"",""https://music.youtube.com/watch?v=Rrm9cXax4eE&list=LM"""
"Fixate,"""","""",""3:00"",""https://music.youtube.com/watch?v=CIhEitxSj9g&list=LM"""
"MAX: PANAMA,"""","""",""4:10"",""https://music.youtube.com/watch?v=5-FpvsrhQQ4&list=LM"""
"Enemy,"""","""",""4:34"",""https://music.youtube.com/watch?v=JDNvFXzjthk&list=LM"""
"IV,"""","""",""4:52"",""https://music.youtube.com/watch?v=TN11fSeBPC4&list=LM"""
"Realize Remix (feat. Softcult ? whatsaheart),"""","""",""2:56"",""https://music.youtube.com/watch?v=aJ11weJXD8g&list=LM"""
"Serpent On The Cross,"""","""",""6:14"",""https://music.youtube.com/watch?v=X1-7nf87XjA&list=LM"""
"when you talk all i hear is noise (slowed),"""","""",""2:37"",""https://music.youtube.com/watch?v=g_v0Po_8OIY&list=LM"""
"Chamber Of Reflection,"""","""",""3:24"",""https://music.youtube.com/watch?v=xzL63e9Tv8Y&list=LM"""
"Untitled,"""","""",""3:49"",""https://music.youtube.com/watch?v=3lZio7K7DK4&list=LM"""
"In A Dream,"""","""",""4:30"",""https://music.youtube.com/watch?v=lO2ZhJSc2hs&list=LM"""
"Need,"""","""",""2:56"",""https://music.youtube.com/watch?v=NgnVFEgI6fQ&list=LM"""
"Silent Call,"""","""",""3:30"",""https://music.youtube.com/watch?v=HApzaO653Cs&list=LM"""
"Resurrection,"""","""",""2:46"",""https://music.youtube.com/watch?v=42HshzCnaag&list=LM"""
"Scars,"""","""",""7:11"",""https://music.youtube.com/watch?v=gq26YU1LfiQ&list=LM"""
"Dead Eyes,"""","""",""15:35"",""https://music.youtube.com/watch?v=bjDzdNoVlJg&list=LM"""
"Pachyclada,"""","""",""8:44"",""https://music.youtube.com/watch?v=BRmcpZnFBC8&list=LM"""
"Sweeper,"""","""",""7:20"",""https://music.youtube.com/watch?v=YAnh4Ei6TOc&list=LM"""
"Noise of the Void,"""","""",""5:33"",""https://music.youtube.com/watch?v=XGOHXtKnMk4&list=LM"""
"Day Star,"""","""",""4:58"",""https://music.youtube.com/watch?v=tTHwEKDiOrc&list=LM"""
"Stare At The Void,"""","""",""4:07"",""https://music.youtube.com/watch?v=siDhacKVxdE&list=LM"""
"my mind is in ruins,"""","""",""3:29"",""https://music.youtube.com/watch?v=g9DLbzRAc1w&list=LM"""
"In The Air Tonight,"""","""",""5:02"",""https://music.youtube.com/watch?v=6gyBpFcHB18&list=LM"""
"Rop Fra R?ynda - M?lt Fra Minne,"""","""",""5:44"",""https://music.youtube.com/watch?v=zhNamUHNre8&list=LM"""
"Den grymma h?sten,"""","""",""5:18"",""https://music.youtube.com/watch?v=NUKSguYbfo8&list=LM"""
"As Sick As The Secrets Of (Sleep),"""","""",""5:00"",""https://music.youtube.com/watch?v=IgFZnLHCSSY&list=LM"""
"Marilyn Manson - Resident Evil Main Theme (Dubstep/Metal Remix),"""","""",""5:35"",""https://music.youtube.com/watch?v=9hZxNb7-TPg&list=LM"""
"Orchard,"""","""",""6:38"",""https://music.youtube.com/watch?v=ziZ9w5OiyKo&list=LM"""
"Salve Mater,"""","""",""9:08"",""https://music.youtube.com/watch?v=WDcKPlRHKQo&list=LM"""
"Suffering,"""","""",""5:53"",""https://music.youtube.com/watch?v=h8H6pFMHfaQ&list=LM"""
"More; Less.,"""","""",""5:29"",""https://music.youtube.com/watch?v=XSXJOiT76tI&list=LM"""
"SONNE (in style of DOOM),"""","""",""4:16"",""https://music.youtube.com/watch?v=ybQOfmXEQhY&list=LM"""
"Asteroid,"""","""",""4:49"",""https://music.youtube.com/watch?v=EjHzPrBCgf0&list=LM"""
"Negative Is The New Positive,"""","""",""8:51"",""https://music.youtube.com/watch?v=MEX_nQvGdhI&list=LM"""
"Grifter,"""","""",""5:18"",""https://music.youtube.com/watch?v=d3H8jcCqnBA&list=LM"""
"Centurion,"""","""",""5:57"",""https://music.youtube.com/watch?v=YJ9_2P2J35I&list=LM"""
"State of Non-Return,"""","""",""6:06"",""https://music.youtube.com/watch?v=BdpA3tzX8YI&list=LM"""
"Drown Within,"""","""",""6:43"",""https://music.youtube.com/watch?v=LKLa06iaVkc&list=LM"""
"Destinos,"""","""",""13:13"",""https://music.youtube.com/watch?v=n9-hYw6ajNQ&list=LM"""
"In Spirit in Spite,"""","""",""8:11"",""https://music.youtube.com/watch?v=8AHHmyiC6FY&list=LM"""
"ABSENT IN BODY - The Half Rising Man (Official Music Video),"""","""",""5:59"",""https://music.youtube.com/watch?v=PfnuztoGz_I&list=LM"""
"Sarin,"""","""",""5:58"",""https://music.youtube.com/watch?v=fUHXKccwo5Q&list=LM"""
"Rise from Ruins,"""","""",""5:32"",""https://music.youtube.com/watch?v=ilVI_beyVNI&list=LM"""
"10910,"""","""",""26:30"",""https://music.youtube.com/watch?v=zNCuC-KpahE&list=LM"""
"She Never Left,"""","""",""4:13"",""https://music.youtube.com/watch?v=kKPYCF-83k0&list=LM"""
"Best Collection of Classical Guitar Music 2024 | 11 Hours of Pure Joy ??,"""","""",""11:45:03"",""https://music.youtube.com/watch?v=aCXPBXgiBvk&list=LM"""
"Amenra - acoustic set  - Grauzone festival 2021,"""","""",""1:06:03"",""https://music.youtube.com/watch?v=LP-4yXQp2AY&list=LM"""
"POTHAMUS - Abur (Full Album Stream),"""","""",""46:48"",""https://music.youtube.com/watch?v=xBZyJyUwUdk&list=LM"""
".De Dodenakker.,"""","""",""10:06"",""https://music.youtube.com/watch?v=N5optqBoMSg&list=LM"""
"Sightless,"""","""",""7:04"",""https://music.youtube.com/watch?v=keMt8jdDNCA&list=LM"""
"Savartuum Avur,"""","""",""8:12"",""https://music.youtube.com/watch?v=kte6rwJ3tP8&list=LM"""
"Ykavus,"""","""",""6:37"",""https://music.youtube.com/watch?v=sSgNvmZAgLI&list=LM"""
"Zhikarta,"""","""",""7:27"",""https://music.youtube.com/watch?v=TkYtAeRjHKY&list=LM"""
"Nothing to Win,"""","""",""11:22"",""https://music.youtube.com/watch?v=Y6hAnFZkJ9A&list=LM"""
"Passing Through,"""","""",""6:04"",""https://music.youtube.com/watch?v=UoVvTuIwXA4&list=LM"""
"Cult of Luna - Three Bridges (official),"""","""",""8:46"",""https://music.youtube.com/watch?v=wgN3OV6XtTY&list=LM"""
"Ogentroost,"""","""",""10:02"",""https://music.youtube.com/watch?v=eGGh7HNXUHY&list=LM"""
"Het Gloren,"""","""",""11:31"",""https://music.youtube.com/watch?v=ElA3Dusb0Ng&list=LM"""
"Roses,"""","""",""5:06"",""https://music.youtube.com/watch?v=LIhYlC-fqS8&list=LM"""
"Bright Eyes,"""","""",""4:38"",""https://music.youtube.com/watch?v=UXo6cJQ0_AI&list=LM"""
"The Valley,"""","""",""8:59"",""https://music.youtube.com/watch?v=mil14n6x8-w&list=LM"""
".TerZiele.Tottedood.,"""","""",""6:50"",""https://music.youtube.com/watch?v=r-ih8-51s30&list=LM"""
"Wear My Crown,"""","""",""4:09"",""https://music.youtube.com/watch?v=2L3bHxyzAHo&list=LM"""
"Beat Around the Bush,"""","""",""4:06"",""https://music.youtube.com/watch?v=uDBwBXc94YQ&list=LM"""
"Ghosts,"""","""",""4:36"",""https://music.youtube.com/watch?v=VvGKmot9kyM&list=LM"""
"Inland Rain,"""","""",""7:01"",""https://music.youtube.com/watch?v=TnKhldSmkbE&list=LM"""
"Nightwalkers,"""","""",""10:49"",""https://music.youtube.com/watch?v=_SQMmv1s0FE&list=LM"""
"Curse,"""","""",""6:31"",""https://music.youtube.com/watch?v=w9i467MB4EY&list=LM"""
"The Fall,"""","""",""13:13"",""https://music.youtube.com/watch?v=oH5ONciEHIs&list=LM"""
"Full Moon,"""","""",""3:07"",""https://music.youtube.com/watch?v=BLccmVDxYlw&list=LM"""
"An Offering to the Wild (feat. Colin Stetson),"""","""",""12:44"",""https://music.youtube.com/watch?v=QpugQEgvelY&list=LM"""
"The Wreck of S.S. Needle,"""","""",""9:34"",""https://music.youtube.com/watch?v=LITp8cIL904&list=LM"""
"My Funeral Dreams,"""","""",""6:04"",""https://music.youtube.com/watch?v=VnYoEnuEn3Q&list=LM"""
"The Bleeding Baroness,"""","""",""7:20"",""https://music.youtube.com/watch?v=a-SMGfIW1Y0&list=LM"""
"Muuntautuja,"""","""",""4:31"",""https://music.youtube.com/watch?v=UJyUIB5JeQw&list=LM"""
"Rape Me,"""","""",""2:54"",""https://music.youtube.com/watch?v=-trHxO8-Wj4&list=LM"""
"Milk It,"""","""",""4:00"",""https://music.youtube.com/watch?v=HJ2KN7PS3GM&list=LM"""
"Something in the Way,"""","""",""5:03"",""https://music.youtube.com/watch?v=TF7LeaNTCqc&list=LM"""
"There Is No Horizon,"""","""",""7:03"",""https://music.youtube.com/watch?v=8GH9p3x4LqE&list=LM"""
"Narcissist's Prayer,"""","""",""6:13"",""https://music.youtube.com/watch?v=OOKehNZc0uY&list=LM"""
"Herr Mannelig,"""","""",""7:00"",""https://music.youtube.com/watch?v=XPhrTe_SHGI&list=LM"""
"Voice of the Soul,"""","""",""3:44"",""https://music.youtube.com/watch?v=s2EJ1AqPIPg&list=LM"""
"Descend,"""","""",""3:41"",""https://music.youtube.com/watch?v=GhD_odiNoQs&list=LM"""
"Get Inside,"""","""",""3:09"",""https://music.youtube.com/watch?v=0c1I-0kC84E&list=LM"""
"Leave Me Alive,"""","""",""2:53"",""https://music.youtube.com/watch?v=83c2YFD1tFU&list=LM"""
"the only one,"""","""",""3:20"",""https://music.youtube.com/watch?v=d32EQS0SvPs&list=LM"""
"Street Spirit (Fade Out),"""","""",""5:35"",""https://music.youtube.com/watch?v=Mifg13H8ydU&list=LM"""
"Moonspell and Grief,"""","""",""7:04"",""https://music.youtube.com/watch?v=FldHacGYeZ8&list=LM"""
"HEALTH - MAX: PANAMA (Doomer Version),"""","""",""4:50"",""https://music.youtube.com/watch?v=bBDnJEzxDPc&list=LM"""
"Giant's Eternal Sleep,"""","""",""7:37"",""https://music.youtube.com/watch?v=Oka4J8nIz_4&list=LM"""
"Panama - Max Payne 3 OST (slowed + reverb),"""","""",""5:53"",""https://music.youtube.com/watch?v=VkYZKdWD59k&list=LM"""
"NC-17,"""","""",""3:09"",""https://music.youtube.com/watch?v=kNAySFS3Msk&list=LM"""
"PAIN,"""","""",""3:31"",""https://music.youtube.com/watch?v=LtlsuMUZBvg&list=LM"""
"Missu,"""","""",""3:13"",""https://music.youtube.com/watch?v=DSqM-wr_xRo&list=LM"""
"HEALTH :: MASS GRAVE (BROTHEL REMIX) :: DISCO4+,"""","""",""2:58"",""https://music.youtube.com/watch?v=mDKTRhG0LdI&list=LM"""
"Colossal Rains,"""","""",""4:32"",""https://music.youtube.com/watch?v=ojyQxJgfN2g&list=LM"""
"I Can See You,"""","""",""6:12"",""https://music.youtube.com/watch?v=FcFIT90oMrE&list=LM"""
"Left to Wander,"""","""",""8:11"",""https://music.youtube.com/watch?v=woS5mJNLm9w&list=LM"""
"The Eye of Every Storm,"""","""",""11:57"",""https://music.youtube.com/watch?v=iSNcfmlGLQs&list=LM"""
"Souls At Zero,"""","""",""9:19"",""https://music.youtube.com/watch?v=zV1ZQJCd_Vs&list=LM"""
"To Crawl Under One's Skin,"""","""",""7:52"",""https://music.youtube.com/watch?v=e_RLPwgvLS0&list=LM"""
"Silent Hill 2 Remake OST- Laura Plays The Piano,"""","""",""5:09"",""https://music.youtube.com/watch?v=23jO7fKtdlw&list=LM"""
"Don, Aman,"""","""",""6:29"",""https://music.youtube.com/watch?v=qMHh02UhQhs&list=LM"""
"Neurosis - Through Silver In Blood,"""","""",""12:13"",""https://music.youtube.com/watch?v=Yp7Dz4bh5UE&list=LM"""
"Silent Hill 2 Remake OST- True (2024),"""","""",""4:00"",""https://music.youtube.com/watch?v=9ZzDH1G07Fw&list=LM"""
"The Tourist,"""","""",""5:24"",""https://music.youtube.com/watch?v=4OzU1jdjSZA&list=LM"""
"Decks Dark,"""","""",""4:42"",""https://music.youtube.com/watch?v=Del3C2W63Pk&list=LM"""
"Climbing Up the Walls,"""","""",""4:46"",""https://music.youtube.com/watch?v=XX4EpkR-Sp4&list=LM"""
"Spectre,"""","""",""3:20"",""https://music.youtube.com/watch?v=CLiDemXYSLc&list=LM"""
"eternal,"""","""",""3:23"",""https://music.youtube.com/watch?v=cC_xAHFG84s&list=LM"""
"vanity,"""","""",""4:00"",""https://music.youtube.com/watch?v=R-GJbPJtffQ&list=LM"""
"Lost Tears,"""","""",""4:36"",""https://music.youtube.com/watch?v=VCHcX_sf3kI&list=LM"""
"Sliver,"""","""",""3:32"",""https://music.youtube.com/watch?v=L_8RwjaE0is&list=LM"""
"NADA,"""","""",""4:15"",""https://music.youtube.com/watch?v=DQtP5AIUieE&list=LM"""
"Sad Song,"""","""",""3:17"",""https://music.youtube.com/watch?v=iMIBEO4d_2E&list=LM"""
"Total Decay,"""","""",""4:17"",""https://music.youtube.com/watch?v=ep1bofQ5ALU&list=LM"""
"Phantasia,"""","""",""4:28"",""https://music.youtube.com/watch?v=E3VL-DNE0dc&list=LM"""
"DooM II Music - Map 10 - The Demon's Dead by Nemistade,"""","""",""3:03"",""https://music.youtube.com/watch?v=tPZmazIlXRY&list=LM"""
"Shawn's Got the Shotgun,"""","""",""3:37"",""https://music.youtube.com/watch?v=etmueD0WRGk&list=LM"""
"Doom 3 Theme,"""","""",""2:50"",""https://music.youtube.com/watch?v=NNP0FMn4QBI&list=LM"""
"DooM II Music - Map 7 - Shawn's Got The Shotgun by Nemistade,"""","""",""3:31"",""https://music.youtube.com/watch?v=aD2oM6J8-5k&list=LM"""
"Moth,"""","""",""6:34"",""https://music.youtube.com/watch?v=7Efh3kRicZ4&list=LM"""
"Birdbox,"""","""",""5:35"",""https://music.youtube.com/watch?v=HCyCZi97koM&list=LM"""
"Darkthrone - Rust // Acoustic Black Metal Cover,"""","""",""2:59"",""https://music.youtube.com/watch?v=PrdoiGjnPps&list=LM"""
"Was It a Dream?,"""","""",""3:12"",""https://music.youtube.com/watch?v=fCwyuZtKeD0&list=LM"""
"Vandagr,"""","""",""4:01"",""https://music.youtube.com/watch?v=dvSF3YLb0c4&list=LM"""
"Muse of Suicide,"""","""",""7:45"",""https://music.youtube.com/watch?v=a1UTx_k6HX0&list=LM"""
"Unreleased material (1988 - 1994) - Burzum/Uruk-Hai,"""","""",""21:30"",""https://music.youtube.com/watch?v=HhxhDzF_GXg&list=LM"""
"The Soft Moon - ""Wasting"" (Official Music Video),"""","""",""5:59"",""https://music.youtube.com/watch?v=GqBMq5Q4s1o&list=LM"""
"Fuzzorgasm (Keep On Screaming),"""","""",""6:12"",""https://music.youtube.com/watch?v=SxvtIYtESaE&list=LM"""
"Slowshine,"""","""",""6:05"",""https://music.youtube.com/watch?v=KsYtA2thrgA&list=LM"""
"Nargaroth - Seven Tears Are Flowing to the River (Acoustic Cover),"""","""",""15:19"",""https://music.youtube.com/watch?v=gskFI6Eizk8&list=LM"""
"Serpens South,"""","""",""6:38"",""https://music.youtube.com/watch?v=vnNLwB2POG0&list=LM"""
"100 Pills,"""","""",""4:39"",""https://music.youtube.com/watch?v=ExJS8FUam5k&list=LM"""
"Dark Stone,"""","""",""6:16"",""https://music.youtube.com/watch?v=yb7TEn8079I&list=LM"""
"The Legend,"""","""",""8:47"",""https://music.youtube.com/watch?v=y6EcIXaHoeU&list=LM"""
"Cursing The One,"""","""",""8:54"",""https://music.youtube.com/watch?v=bAfN574Ld8U&list=LM"""
"Give Something,"""","""",""4:31"",""https://music.youtube.com/watch?v=z65pvNxVeBk&list=LM"""
"In Blueberry Memories,"""","""",""5:19"",""https://music.youtube.com/watch?v=K5XGjtFOM0k&list=LM"""
"in my restless dreams, i see that town,"""","""",""1:00:41"",""https://music.youtube.com/watch?v=pewjdvQbRTs&list=LM"""
"My Death,"""","""",""5:55"",""https://music.youtube.com/watch?v=MeMqJO1fv3Y&list=LM"""
"Chimera,"""","""",""7:01"",""https://music.youtube.com/watch?v=BrpaU8QY0FA&list=LM"""
"war,"""","""",""2:40"",""https://music.youtube.com/watch?v=EysPtYHDeU8&list=LM"""
"WRECK,"""","""",""2:45"",""https://music.youtube.com/watch?v=IbeHmmV810k&list=LM"""
"GAME OF THRONES - The Piano Medley | Costantino Carrara,"""","""",""4:53"",""https://music.youtube.com/watch?v=UE0y8MHqT-g&list=LM"""
"Suite Espanola, Op. 47: V. Asturias,"""","""",""6:10"",""https://music.youtube.com/watch?v=XlBLsC5oAWg&list=LM"""
"The Entertainer,"""","""",""4:28"",""https://music.youtube.com/watch?v=K8Pqt5lJV-4&list=LM"""
"Fandango, Op. 73, No. 2,"""","""",""2:53"",""https://music.youtube.com/watch?v=6KwQ1cNZpnc&list=LM"""
"Malaguena,"""","""",""3:13"",""https://music.youtube.com/watch?v=vysJmRKxcho&list=LM"""
"Ave Maria,"""","""",""4:00"",""https://music.youtube.com/watch?v=JEIKXlaxBZY&list=LM"""
"Swirl,"""","""",""3:07"",""https://music.youtube.com/watch?v=ysYL7zDbXXo&list=LM"""
"Blaviken,"""","""",""3:14"",""https://music.youtube.com/watch?v=ch_VyFmpqTg&list=LM"""
"Heidr (Instrumental),"""","""",""2:42"",""https://music.youtube.com/watch?v=ADG_bfoAriE&list=LM"""
"Myrkvidr (Instrumental),"""","""",""3:25"",""https://music.youtube.com/watch?v=WoygELd4FMg&list=LM"""
"Norse Viking Music - ?lfh??nar,"""","""",""5:03"",""https://music.youtube.com/watch?v=sTPDmZx3gKk&list=LM"""
"Berserkr (The Henbane Experience),"""","""",""6:09"",""https://music.youtube.com/watch?v=weed4iQgODk&list=LM"""
"Closer,"""","""",""4:15"",""https://music.youtube.com/watch?v=Up129IQUWTs&list=LM"""
"Labor of Death,"""","""",""4:13"",""https://music.youtube.com/watch?v=P0ACLz5SUN8&list=LM"""
"Khmary,"""","""",""3:35"",""https://music.youtube.com/watch?v=3bMWGT-kqhQ&list=LM"""
"The Path,"""","""",""3:02"",""https://music.youtube.com/watch?v=HLo2T2WzXvM&list=LM"""
"Is It Really You?,"""","""",""4:48"",""https://music.youtube.com/watch?v=q2_vW8jN454&list=LM"""
"WASTE,"""","""",""2:05"",""https://music.youtube.com/watch?v=csZTPVCLHyk&list=LM"""
"loathe - is it really you? (slowed + reverb),"""","""",""5:20"",""https://music.youtube.com/watch?v=cEdrzKArhKs&list=LM"""
"Radiohead  I will,"""","""",""4:24"",""https://music.youtube.com/watch?v=XWZmzdpyUTY&list=LM"""
"?gr?s,"""","""",""4:17"",""https://music.youtube.com/watch?v=a26UoMmolQw&list=LM"""
"Beware,"""","""",""6:01"",""https://music.youtube.com/watch?v=FzjaN0gPvaE&list=LM"""
"Drown,"""","""",""2:57"",""https://music.youtube.com/watch?v=UxxMhxBqRcw&list=LM"""
"Killer,"""","""",""3:04"",""https://music.youtube.com/watch?v=XGH-3voxcVk&list=LM"""
"Danphe and the Brain,"""","""",""5:18"",""https://music.youtube.com/watch?v=KMtEI5Og88E&list=LM"""
"We're No Here,"""","""",""5:42"",""https://music.youtube.com/watch?v=Vhs_VOq6Ty4&list=LM"""
"I Love You, I'm Going to Blow Up Your School,"""","""",""7:34"",""https://music.youtube.com/watch?v=6eAfUydSnYQ&list=LM"""
"Dracula Bells,"""","""",""7:45"",""https://music.youtube.com/watch?v=WA5YHqtLMug&list=LM"""
"Centralia,"""","""",""6:48"",""https://music.youtube.com/watch?v=Go6MvDIzYk0&list=LM"""
"Lyra,"""","""",""4:07"",""https://music.youtube.com/watch?v=7WPUKByw8ks&list=LM"""
"Back to the Roots,"""","""",""5:25"",""https://music.youtube.com/watch?v=YUmx_9cU4pE&list=LM"""
"Warmth of You,"""","""",""3:34"",""https://music.youtube.com/watch?v=5JPliBhRudU&list=LM"""
"Emptiness Will Eat the Witch,"""","""",""8:50"",""https://music.youtube.com/watch?v=g1NMx2kOJ9g&list=LM"""
"In My Head,"""","""",""5:55"",""https://music.youtube.com/watch?v=mzFZMt46tWk&list=LM"""
"I'm Going to Do It,"""","""",""6:17"",""https://music.youtube.com/watch?v=lbhAzwrSjL0&list=LM"""
"Serein,"""","""",""4:58"",""https://music.youtube.com/watch?v=P_o_j6v3PGE&list=LM"""
"Andreas R?nnberg - Insanity (Official Song Video),"""","""",""3:25"",""https://music.youtube.com/watch?v=Ni01hSes-Kw&list=LM"""
"Not Anymore,"""","""",""1:43"",""https://music.youtube.com/watch?v=asUJo_F80x8&list=LM"""
"Sometimes,"""","""",""3:37"",""https://music.youtube.com/watch?v=zpVlS1XViyE&list=LM"""
"MoozE - S.A.D. {STALKER Clear Sky OST},"""","""",""4:36"",""https://music.youtube.com/watch?v=KZkCjq9hCbg&list=LM"""
"Terrapack - Empty Noise {S.T.A.L.K.E.R.},"""","""",""2:34"",""https://music.youtube.com/watch?v=e4EopfFN0-I&list=LM"""
"A Monster,"""","""",""4:20"",""https://music.youtube.com/watch?v=F0XOtL2E32A&list=LM"""
"Answering Machine,"""","""",""5:09"",""https://music.youtube.com/watch?v=3U_LjQKV4FM&list=LM"""
"Dance With Night Wind,"""","""",""5:22"",""https://music.youtube.com/watch?v=MiFeu9m9Mvo&list=LM"""
"A Stray Child,"""","""",""5:29"",""https://music.youtube.com/watch?v=9TzIS71hM50&list=LM"""
"Leathers,"""","""",""4:11"",""https://music.youtube.com/watch?v=sPO81Fz4s2g&list=LM"""
"Rosemary,"""","""",""6:54"",""https://music.youtube.com/watch?v=fZcAQ0kuw1s&list=LM"""
"God Luck and Good Speed,"""","""",""4:26"",""https://music.youtube.com/watch?v=MQmWE1J_gXo&list=LM"""
"In the Shadow of Sunset,"""","""",""2:48"",""https://music.youtube.com/watch?v=KU_SntNB66w&list=LM"""
"From Dust to the Beyond,"""","""",""5:01"",""https://music.youtube.com/watch?v=8gq72c_rUyo&list=LM"""
"Frozen Twilight,"""","""",""6:18"",""https://music.youtube.com/watch?v=eI747NQQJpk&list=LM"""
"Outline,"""","""",""3:26"",""https://music.youtube.com/watch?v=MPJmsHJS39I&list=LM"""
"Blood Moon,"""","""",""7:51"",""https://music.youtube.com/watch?v=OVPaUUokkRc&list=LM"""
"The March of the Stones,"""","""",""4:10"",""https://music.youtube.com/watch?v=xvG6Nwo8o7U&list=LM"""
"Change (In the House of Flies) (Acoustic),"""","""",""3:58"",""https://music.youtube.com/watch?v=WPpDyIJdasg&list=LM"""
"Digital Bath,"""","""",""4:14"",""https://music.youtube.com/watch?v=O_IIAYZL1R4&list=LM"""
"Blur,"""","""",""3:24"",""https://music.youtube.com/watch?v=zTvxaX6_nWs&list=LM"""
"Covet,"""","""",""3:48"",""https://music.youtube.com/watch?v=LVn5k88DmUM&list=LM"""
"Uncover,"""","""",""3:34"",""https://music.youtube.com/watch?v=_lMJh7Wcfr0&list=LM"""
"Disturbed Lines, The Mansion (Live Version),"""","""",""6:44"",""https://music.youtube.com/watch?v=SaAv9Na8tNg&list=LM"""
"Jam 1,"""","""",""8:34"",""https://music.youtube.com/watch?v=rLuxMi2enn4&list=LM"""
"Overdose,"""","""",""4:27"",""https://music.youtube.com/watch?v=EO2lkMIxvUU&list=LM"""
"Katana Zero (Ost-Version),"""","""",""5:48"",""https://music.youtube.com/watch?v=CfSwxETYAd8&list=LM"""
"Full Confession,"""","""",""4:06"",""https://music.youtube.com/watch?v=DeHp5pPUPzI&list=LM"""
"Sail To The Moon,"""","""",""4:19"",""https://music.youtube.com/watch?v=INvrv9ppxvQ&list=LM"""
"True Love Waits,"""","""",""4:44"",""https://music.youtube.com/watch?v=WSnc_6Z7HqQ&list=LM"""
"Bullet Proof ... I Wish I Was,"""","""",""3:29"",""https://music.youtube.com/watch?v=KkCgUI_g2oo&list=LM"""
"High and Dry,"""","""",""4:18"",""https://music.youtube.com/watch?v=7fv84nPfTH0&list=LM"""
"Tinker Tailor Soldier Sailor Rich Man Poor Man Beggar Man Thief,"""","""",""5:04"",""https://music.youtube.com/watch?v=hetqKun4XFg&list=LM"""
"Dollars and Cents,"""","""",""4:52"",""https://music.youtube.com/watch?v=egUFlyfE1PY&list=LM"""
"All I Need,"""","""",""3:49"",""https://music.youtube.com/watch?v=FM7ALFsOH4g&list=LM"""
"There, There,"""","""",""5:24"",""https://music.youtube.com/watch?v=Z2aH-sluR5s&list=LM"""
"Pyramid Song,"""","""",""4:57"",""https://music.youtube.com/watch?v=3M_Gg1xAHE4&list=LM"""
"Creep (Acoustic),"""","""",""4:19"",""https://music.youtube.com/watch?v=4BX5xpB2DBM&list=LM"""
"Pyramid Song,"""","""",""4:49"",""https://music.youtube.com/watch?v=2Agt3XfmccM&list=LM"""
"Street Spirit (Fade Out),"""","""",""4:14"",""https://music.youtube.com/watch?v=2y6kop0VTXY&list=LM"""
"Everything In Its Right Place,"""","""",""4:12"",""https://music.youtube.com/watch?v=NUnXxh5U25Y&list=LM"""
"Cat Scratch Fever,"""","""",""3:53"",""https://music.youtube.com/watch?v=9cA5gp3ExV4&list=LM"""
"An Heir To Emptiness,"""","""",""8:43"",""https://music.youtube.com/watch?v=W4TEJy20z5g&list=LM"""
"A Life Less Lived,"""","""",""8:24"",""https://music.youtube.com/watch?v=jTw--7QBrgg&list=LM"""
"Dead Air,"""","""",""5:24"",""https://music.youtube.com/watch?v=F5qwf-WTCY4&list=LM"""
"Hollow,"""","""",""8:07"",""https://music.youtube.com/watch?v=p4EykjUqA-E&list=LM"""
"A Room Between the Rooms,"""","""",""6:34"",""https://music.youtube.com/watch?v=keNASMqOFtA&list=LM"""
"monolith,"""","""",""47:12"",""https://music.youtube.com/watch?v=U__1_2trJAk&list=LM"""
"dark sadcore // death liminal spaces // agonized souls,"""","""",""1:22:27"",""https://music.youtube.com/watch?v=YZp82vwK24U&list=LM"""
"Kanonenfieber - Live in Munich, Germany (09/04/2023),"""","""",""53:28"",""https://music.youtube.com/watch?v=l-_ogvZPDWQ&list=LM"""
"GUITAR BATTLE / EpicPlay ????????? 9 ????? / ?????? ?????????,"""","""",""1:42:26"",""https://music.youtube.com/watch?v=VqTMMAjDfEU&list=LM"""
"GUITAR BATTLE / EpicPlay 1/4 ?????? 8 ????? / ???? ???????,"""","""",""1:36:19"",""https://music.youtube.com/watch?v=ktP0-eXYHp8&list=LM"""
"Pneuma,"""","""",""10:10"",""https://music.youtube.com/watch?v=kZKIwozGEx8&list=LM"""
"GUITAR BATTLE / EpicPlay 1/8 ?????? 6 ????? / Noname,"""","""",""54:41"",""https://music.youtube.com/watch?v=NkGE_TzQvIc&list=LM"""
"GUITAR BATTLE / EpicPlay 1/8 ?????? 5 ????? / ?? ????? ?????!,"""","""",""1:06:58"",""https://music.youtube.com/watch?v=w-JjsaA2TqI&list=LM"""
"Silent Hill 2: Soundtrack Cover,"""","""",""33:34"",""https://music.youtube.com/watch?v=6eKL16ShKSI&list=LM"""
"Minenwerfer - Feuerwalze (Full Album),"""","""",""48:39"",""https://music.youtube.com/watch?v=M4KmUxZ7bxs&list=LM"""
"Burzum - Det Som Engang Var (full version),"""","""",""14:25"",""https://music.youtube.com/watch?v=Wry9G6rcdQw&list=LM"""
"My Eternal Grief, Anguish Neverending,"""","""",""8:10"",""https://music.youtube.com/watch?v=WAEG_wqhj_s&list=LM"""
"Ewan Dobson - Molten Anguish {7-String},"""","""",""5:33"",""https://music.youtube.com/watch?v=ZlYEi5BZEk4&list=LM"""
"Ewan Dobson - Blue Rose [2021],"""","""",""4:23"",""https://music.youtube.com/watch?v=tWCCAZggnE4&list=LM"""
"Ewan Dobson - Fatally Enlightened,"""","""",""5:13"",""https://music.youtube.com/watch?v=BFmKcp4D2cc&list=LM"""
"The Rite of Our Cross,"""","""",""5:46"",""https://music.youtube.com/watch?v=1I_olo54eLs&list=LM"""
"The Pot,"""","""",""6:23"",""https://music.youtube.com/watch?v=V5tLbq_xz1c&list=LM"""
"Uzh I Ya Li Moloda, Tonkopriaditsa Byla,"""","""",""7:35"",""https://music.youtube.com/watch?v=gSNQe0XM58A&list=LM"""
"Lateralus,"""","""",""8:49"",""https://music.youtube.com/watch?v=fyDA6CTVqgw&list=LM"""
"No Quarter - Ernesto Schnack,"""","""",""9:00"",""https://music.youtube.com/watch?v=XNq5w9WHEmg&list=LM"""
"Descending - TOOL | Solo Acoustic Guitar Cover,"""","""",""12:00"",""https://music.youtube.com/watch?v=XNuZmqcLjzM&list=LM"""
"Dicke Titten,"""","""",""5:47"",""https://music.youtube.com/watch?v=thJgU9jkdU4&list=LM"""
"None - Life Has Gone On Long Enough (Full Album),"""","""",""52:31"",""https://music.youtube.com/watch?v=9VbL1E3vJOM&list=LM"""
"I Play With 5 AMAZING Fan Solos,"""","""",""8:02"",""https://music.youtube.com/watch?v=johdtEqG2E4&list=LM"""
"1914 - The Blind Leading the Blind (Full Album),"""","""",""56:13"",""https://music.youtube.com/watch?v=O5eIj2ePC5E&list=LM"""
"Zeit,"""","""",""6:20"",""https://music.youtube.com/watch?v=EbHGS_bVkXY&list=LM"""
"Room Of Angel,"""","""",""7:09"",""https://music.youtube.com/watch?v=eX6GmN4usKY&list=LM"""
"??? ???? ?? ????? ??DSBM cover,"""","""",""1:18"",""https://music.youtube.com/watch?v=H7d7AMbZ92k&list=LM"""
"Metallica | ??? ???,"""","""",""24:03"",""https://music.youtube.com/watch?v=-kijgs1UMLo&list=LM"""
"HISTORY OF METAL,"""","""",""12:25"",""https://music.youtube.com/watch?v=kbk7ThCAApk&list=LM"""
"Time,"""","""",""6:09"",""https://music.youtube.com/watch?v=mc5WqcFmtq4&list=LM"""
"15 SAD RIFFS,"""","""",""12:16"",""https://music.youtube.com/watch?v=6cxkWGFllgE&list=LM"""
"The Witcher 3 - Steel for Humans / Lazare (Gingertail Cover),"""","""",""2:51"",""https://music.youtube.com/watch?v=bmQwZhcZkbU&list=LM"""
"Pestilence Shall Come,"""","""",""6:02"",""https://music.youtube.com/watch?v=kgijKmkw-v8&list=LM"""
"?????? ??? (?????? ????) - ????????? ???? (??????  ?.?????????),"""","""",""6:14"",""https://music.youtube.com/watch?v=pld9KjxgBRM&list=LM"""
"Morbid Angel - Desolate Ways Full Cover,"""","""",""1:43"",""https://music.youtube.com/watch?v=YhcxKKVMfWg&list=LM"""
"Calm in Ire (Of Hurricane),"""","""",""4:32"",""https://music.youtube.com/watch?v=LIk1f0_5FPA&list=LM"""
"Winterbane,"""","""",""5:13"",""https://music.youtube.com/watch?v=Yv-oC5zCwn8&list=LM"""
"Harvest Pyre,"""","""",""4:34"",""https://music.youtube.com/watch?v=T_qa-wNbC4w&list=LM"""
"BELZEBUBS - Cathedrals Of Mourning (OFFICIAL VIDEO),"""","""",""5:27"",""https://music.youtube.com/watch?v=SkdkZN1rduo&list=LM"""
"Deutschland,"""","""",""9:23"",""https://music.youtube.com/watch?v=NeQM1c-XCDc&list=LM"""
"Alina Gingertail - Ginger Jig,"""","""",""1:37"",""https://music.youtube.com/watch?v=Bx3q_ZubwSI&list=LM"""
"Time,"""","""",""6:01"",""https://music.youtube.com/watch?v=SaZiUBfXKEs&list=LM"""
"Lacuna Coil - Our Truth (Cover With Russian Vocal) feat Svetlana Amelchenko,"""","""",""3:46"",""https://music.youtube.com/watch?v=Ut4SLrKg9Cc&list=LM"""
"Bloodborne - Cleric Beast Theme (Gingertail Cover),"""","""",""3:03"",""https://music.youtube.com/watch?v=1Q2ixrm10AY&list=LM"""
"Rotting Christ-The Call (Official Lyric Video),"""","""",""5:06"",""https://music.youtube.com/watch?v=wAh-zHFYgl0&list=LM"""
"TES V: Skyrim - Tale of the Tongues (Gingertail Cover),"""","""",""3:30"",""https://music.youtube.com/watch?v=-pKGQ-Fp25I&list=LM"""
"Enchanter - Dragon Age Inquisition (Gingertail Cover),"""","""",""3:28"",""https://music.youtube.com/watch?v=deJWab2-xtc&list=LM"""
"Ladies of the Woods - The Witcher 3: Wild Hunt (Gingertail Cover),"""","""",""2:57"",""https://music.youtube.com/watch?v=BKHUZ7CufC4&list=LM"""
"Lullaby of Woe - Witcher 3: Blood and Wine (Gingertail Cover),"""","""",""3:12"",""https://music.youtube.com/watch?v=10nHhBxh3H8&list=LM"""
"Sonne,"""","""",""4:13"",""https://music.youtube.com/watch?v=StZcUAPRRac&list=LM"""
"Mephorash - I AM (OFFICIAL MUSIC VIDEO),"""","""","""",""https://music.youtube.com/watch?v=Q2U0-OMxsME"""
"Shem Ha Mephorash,"""","""","""",""https://music.youtube.com/watch?v=XQiyp1LPBh4"""
"Schem Ha Mephoresh - Funny Conversations with Googles Notebook LM,"""","""","""",""https://music.youtube.com/podcast/ux2YK6VbJ6U"""
"Method: 72 Shem Angels. How to Form an Operation. Geomancy Continues. Taliesin McKnight ECH 6,"""","""","""",""https://music.youtube.com/podcast/j5t18s1c6JU"""
"72 Shem Angels in Agrippa's ""Three Books of Occult Philosophy,"" Geomancy & Fortuna Major. ECH 5,"""","""","""",""https://music.youtube.com/podcast/sWmhvhEH9HI"""
"Insatanity - Shemhamforash,"""","""","""",""https://music.youtube.com/watch?v=-2JRBP-Nzwk"""
"Le selam: Tableau III: Conjuration des Djinns (Evocation of the Djinns),"""","""","""",""https://music.youtube.com/watch?v=ojktmvuw0uE"""
"Shemhamphorasch,"""","""","""",""https://music.youtube.com/watch?v=pzqLzbLtIeE"""
"SERPENTS,"""","""","""",""https://music.youtube.com/watch?v=myQ9yPcTZ6M"""
"Schechina,"""","""","""",""https://music.youtube.com/watch?v=iojhe0pODzE"""
