title,artist,album,duration,url
"Nälkätalvi","i Helvete","Nälkätalvi","","https://music.youtube.com/watch?v=9z2c7IxmJkc&list=RDAMVM9z2c7IxmJkc"
"sicker than myself","xójira","digital psychosis","","https://music.youtube.com/watch?v=tAOu7cPqgUs&list=RDAMVMtAOu7cPqgUs"
"To Lay Like Old Ashes","Austere","To Lay Like Old Ashes","","https://music.youtube.com/watch?v=k-bKZuU5AFE&list=RDAMVMk-bKZuU5AFE"
"flowers","Wounded Masquerade","flowers","","https://music.youtube.com/watch?v=NZJiEzU75BA&list=RDAMVMNZJiEzU75BA"
"Bereavement","Black Bile","L'Oratoire","","https://music.youtube.com/watch?v=bTRqnJV7kUM&list=RDAMVMbTRqnJV7kUM"
"E2","Russian Circles","Nine","","https://music.youtube.com/watch?v=pdGv3CJ60iY&list=RDAMVMpdGv3CJ60iY"
"Hope Leaves (Live at Shepherd's Bush Empire, London)","Opeth","Lamentations (Live at Shepherd's Bush Empire, London)","","https://music.youtube.com/watch?v=s8sVV1GaEzw&list=RDAMVMs8sVV1GaEzw"
"Serpent's","Ciemra","The Tread of Darkness","","https://music.youtube.com/watch?v=zZojzJs78_4&list=RDAMVMzZojzJs78_4"
".Am Kreuz.","Amenra","Mass III","","https://music.youtube.com/watch?v=7uebOlXN5jk&list=RDAMVM7uebOlXN5jk"
"Hollow","Totalselfhatred","Solitude","","https://music.youtube.com/watch?v=p4EykjUqA-E&list=RDAMVMp4EykjUqA-E"
"Sangre","Dimscûa","Sangre","","https://music.youtube.com/watch?v=kCr0-r09pNs&list=RDAMVMkCr0-r09pNs"
"100 Pills","Hail The Void","Memento Mori","","https://music.youtube.com/watch?v=ExJS8FUam5k&list=RDAMVMExJS8FUam5k"
"Inside That Lonely House","Decalius","Isolated From Life (2021)","","https://music.youtube.com/watch?v=YZVl6p5NDIU&list=RDAMVMYZVl6p5NDIU"
"Incubatio","Akhlys","Melinoë","","https://music.youtube.com/watch?v=1WAOCHTrD7M&list=RDAMVM1WAOCHTrD7M"
"Dream Of Immortality","Solitude Aeturnus","Into the Depths of Sorrow","","https://music.youtube.com/watch?v=pfxCkoQqIuU&list=RDAMVMpfxCkoQqIuU"
"Shame","Hell","Shame","","https://music.youtube.com/watch?v=qN2v0O28KZs&list=RDAMVMqN2v0O28KZs"
"Her Dead Eyes","минута агонии","Life Seems so Beautiful","","https://music.youtube.com/watch?v=bAs4YaMwDA4&list=RDAMVMbAs4YaMwDA4"
"Silence Circles","White Ward","False Light","","https://music.youtube.com/watch?v=fBTn7be7V2g&list=RDAMVMfBTn7be7V2g"
"Bones&Bonds","Hangover in Minsk","Bones&Bonds","","https://music.youtube.com/watch?v=eCwz1kac5GU&list=RDAMVMeCwz1kac5GU"
"Broken Promises","Sorry...","Self Inflicted Razor Cutting","","https://music.youtube.com/watch?v=3tNuDPurdDk&list=RDAMVM3tNuDPurdDk"
"No Surprises","Radiohead","OK Computer OKNOTOK 1997 2017","","https://music.youtube.com/watch?v=7374CZQoS2Y"
"Walk (Cervical Edit)","Pantera","Walk EP","","https://music.youtube.com/watch?v=IReyWpbEqbM"
"In the End","Linkin Park","Hybrid Theory (Bonus Edition)","","https://music.youtube.com/watch?v=BLZWkjBXfN8"
"One","Metallica","...And Justice For All","","https://music.youtube.com/watch?v=tlO3lZhDukU"
"Sands Of Time","Charles Berthoud","Sands Of Time","","https://music.youtube.com/watch?v=lMAuQrqLzlg"
"I Want To Break Free (Single Version)","Queen","Pride – Music From And Inspired By The Motion Picture","","https://music.youtube.com/watch?v=2Q68DZXKR8Q"
"Starboy (feat. Daft Punk)","The Weeknd","Starboy","","https://music.youtube.com/watch?v=3_g2un5M350"
"favorite crime","Olivia Rodrigo","SOUR","","https://music.youtube.com/watch?v=0aiJ7qzlZBI"
"Free Bird","Lynyrd Skynyrd","Pronounced 'Leh-'Nérd 'Skin-'Nérd (Expanded Edition)","","https://music.youtube.com/watch?v=IGLVMBTIAPE"
"Doomed","BeTTeR WORLD","Anhedonia","","https://music.youtube.com/watch?v=VYzYxqBrsno"
"Judas","Lady Gaga","Born This Way (International Special Edition Version)","","https://music.youtube.com/watch?v=DFMuOi2GiBo"
"Synthetic Pleasures","MokkaMusic","Synthetic Pleasures","","https://music.youtube.com/watch?v=bCzj-qtcrio"
"My Way","Frank Sinatra","Frank Sinatra","","https://music.youtube.com/watch?v=VAOePGhLOtQ"
"Sweet Dreams (Are Made Of This)","Marilyn Manson","Smells Like Children","","https://music.youtube.com/watch?v=duzNSTw_AR4"
"Satyros","Faun","Renaissance (Pagan Medieval Folk)","","https://music.youtube.com/watch?v=x2M7XnuYtlI"
"Eyes Without A Face","Билли Айдол","Rebel Yell","","https://music.youtube.com/watch?v=e7U1YZNgwnY"
"Lobster","RJ Pasin","Lobster","","https://music.youtube.com/watch?v=JQev-T3Mhvg"
"War Pigs (Live)","T-Pain","On Top of The Covers (Live from The Sun Rose)","","https://music.youtube.com/watch?v=sxyPB4i6t0U"
"Transgender","Crystal Castles","(III)","","https://music.youtube.com/watch?v=Zs_eF3_uDz8"
"Total Eclipse of the Heart","Bonnie Tyler","Faster Than the Speed of Night","","https://music.youtube.com/watch?v=fSeFxzeo5Ts"
"Nälkätalvi","i Helvete","Nälkätalvi","6:23","https://music.youtube.com/watch?v=9z2c7IxmJkc&list=LM"
"body dysmorphia (don't hide me)","xójira","body dysmorphia (don't hide me)","1:55","https://music.youtube.com/watch?v=IYiOKSWU-io&list=LM"
"reflections","xójira","reflections","2:43","https://music.youtube.com/watch?v=ZY-2ZTnq4_Q&list=LM"
"MoozE - Wasteland I (High Quality)","Marked One","","2:39","https://music.youtube.com/watch?v=3v_1O0stnsY&list=LM"
"Mana","Grima","Frostbitten","1:49","https://music.youtube.com/watch?v=W4i7AFfwDos&list=LM"
"(Something)","Planning For Burial","Below the House","2:31","https://music.youtube.com/watch?v=KStzqp_AgnA&list=LM"
"The Mighty Deep","Blanket","Modern Escapism","2:40","https://music.youtube.com/watch?v=FRiBiH7f1O8&list=LM"
"The Ordeal","Blut Aus Nord","The Ordeal","7:18","https://music.youtube.com/watch?v=g2QvVRzmEtM&list=LM"
"Memoire (Vinyl Version)","Amenra","Mass V Vinyl Version","3:28","https://music.youtube.com/watch?v=SS8DPPWT61I&list=LM"
"Being a Teenager and the Awkwardness of Backseat Sex","Planning For Burial","Leaving","8:48","https://music.youtube.com/watch?v=cO-s8g-QukA&list=LM"
"Dull Knife Pt. I","Planning For Burial","Dull Knife Pt. I","5:01","https://music.youtube.com/watch?v=S-yqmJcQYdQ&list=LM"
"Falling Apart","Graywave","Dancing in the Dust","4:18","https://music.youtube.com/watch?v=tkNIOhkFrx0&list=LM"
"Ghost Tears","Darkher","The Kingdom Field","4:15","https://music.youtube.com/watch?v=LYPfND0dK-w&list=LM"
"The Sorrowbringer","Grima","Tales of the Enchanted Woods","2:24","https://music.youtube.com/watch?v=z_M812McCvo&list=LM"
"Below the House","Planning For Burial","Below the House","3:42","https://music.youtube.com/watch?v=73840AXmqZQ&list=LM"
"Final Call","Blanket","Ceremonia","4:14","https://music.youtube.com/watch?v=mAwyOzP5Xr8&list=LM"
"Burial","Blanket","Modern Escapism","4:41","https://music.youtube.com/watch?v=F8W-NbjJGzE&list=LM"
"Hyenas","Khoma","The Second Wave","5:22","https://music.youtube.com/watch?v=jI7F81-8JHY&list=LM"
"If All Else Fails","Khoma","The Second Wave","3:25","https://music.youtube.com/watch?v=siMvVF7M0hU&list=LM"
"Mend","Threaded","Numb to the Taste","3:43","https://music.youtube.com/watch?v=sYp-yyvqoUA&list=LM"
"Chlorophyll","xójira","Chlorophyll","2:29","https://music.youtube.com/watch?v=P-PRmdHlrqw&list=LM"
"Over","Creek","Shortsighted","2:54","https://music.youtube.com/watch?v=g9hk1PO_qvE&list=LM"
"See Through","Creek","See Through","3:42","https://music.youtube.com/watch?v=u4uah0lX2OU&list=LM"
"Stratosphere","Duster","Stratosphere","6:58","https://music.youtube.com/watch?v=Kt0EgzpyVgk&list=LM"
"As the Sun Dies","The Abstratica","As the Sun Dies","3:58","https://music.youtube.com/watch?v=SzjklUu_yqU&list=LM"
"supernAtural","dye","supernAtural","2:39","https://music.youtube.com/watch?v=wahZsrpwF94&list=LM"
"Spleen","EVNTYD","Spleen / Ever Left","3:18","https://music.youtube.com/watch?v=jJtl4Ctrceo&list=LM"
"Devil in the details","Rik Schaffer","Fruit of the poison tree","3:37","https://music.youtube.com/watch?v=YTOblKaPK9Q&list=LM"
"I Don't Want to Exist","Andreas Rönnberg","Cry of Fear (Official Soundtrack)","2:04","https://music.youtube.com/watch?v=Si8pLbB25zA&list=LM"
"The Other Side","Cry of Fear (Official Soundtrack)","","4:40","https://music.youtube.com/watch?v=X1hbGdnivps&list=LM"
"Killing","Ally Nicholas","Killing","3:37","https://music.youtube.com/watch?v=pMhUQ8R8VLI&list=LM"
"Waverer","AKIRA YAMAOKA","SILENT HILL4 -THE ROOM- (Original Soundtrack)","2:55","https://music.youtube.com/watch?v=2VoeGIbwqTM&list=LM"
"Vafþrúðnir","Vévaki","Edda","9:08","https://music.youtube.com/watch?v=euKQsZeXXpk&list=LM"
"Naglfar, Ship of the Dead","Aethyrien","Óðr","3:33","https://music.youtube.com/watch?v=Meb8AKN2XyY&list=LM"
"I Hels sköte","Forndom","Dauðra Dura","4:41","https://music.youtube.com/watch?v=O08mYEqXpP0&list=LM"
"L'Oratoire","Black Bile","L'Oratoire","4:57","https://music.youtube.com/watch?v=egzNumWzOxI&list=LM"
"Ephialtes","Black Bile","Ephialtes","5:54","https://music.youtube.com/watch?v=uZVr5w0Rxu4&list=LM"
"Megaloschemos II","Fathomage","Portraits of an Illustrative Mania","2:40","https://music.youtube.com/watch?v=ITvpi9uK6K8&list=LM"
"Yekteniya IV","Batushka","Litourgiya","5:20","https://music.youtube.com/watch?v=o_rKSTh6ViE&list=LM"
"Tretij Czas","PATRIARKH","Hospodi","5:00","https://music.youtube.com/watch?v=53dtLBhPi_A&list=LM"
"Hellion","Non-State Actor","Hellion","3:35","https://music.youtube.com/watch?v=SWFmXN5qY_U&list=LM"
"Super Silver Haze","ΛΔΛΜ","Super Silver Haze","4:43","https://music.youtube.com/watch?v=2UqqRz76JsM&list=LM"
"My Ashes","Porcupine Tree","Fear of a Blank Planet","5:10","https://music.youtube.com/watch?v=QCW8PURg7s8&list=LM"
"EQUALS","ISON","INNER-SPACE","9:29","https://music.youtube.com/watch?v=lzk8knat8V0&list=LM"
"Farewell","Boris","Pink","7:34","https://music.youtube.com/watch?v=3Ej-CcaHUKA&list=LM"
"In The Meantime","Helmet","Meantime","3:09","https://music.youtube.com/watch?v=e3lZSy5DPsI&list=LM"
"Below the Salt","Unwound","Leaves Turn Inside You","10:40","https://music.youtube.com/watch?v=2nn-uHUlknY&list=LM"
"Chocolate And Mint","Duster","Duster","4:53","https://music.youtube.com/watch?v=UAFJPPc3gQQ&list=LM"
"November Cold","Crossing I's Dotting T's","","3:36","https://music.youtube.com/watch?v=quGjvowgqaI&list=LM"
"perfect hell","never easy","perfect hell","2:42","https://music.youtube.com/watch?v=3YgdtUfEyzk&list=LM"
"SOLVE COAGULA","Marilyn Manson","WE ARE CHAOS","4:23","https://music.youtube.com/watch?v=fYWHZdskZbQ&list=LM"
"In Bad Dreams (feat. Crippled Black Phoenix)","Crippled Black Phoenix","Horrific Honorifics","3:08","https://music.youtube.com/watch?v=UBLgDRK52QA&list=LM"
"Vermilion, Pt. 2","Slipknot","Vol. 3: The Subliminal Verses (Special Edition)","3:45","https://music.youtube.com/watch?v=RqcZYhZXqrs&list=LM"
"The Space In Between","How To Destroy Angels","How To Destroy Angels","3:35","https://music.youtube.com/watch?v=FeAvIfqAQbc&list=LM"
"I'm So Tired","Fugazi","Instrument Soundtrack","1:59","https://music.youtube.com/watch?v=_Nv11dYMsXQ&list=LM"
"The Eternal (2007 Remaster)","Joy Division","Closer (Collector's Edition)","6:05","https://music.youtube.com/watch?v=3YkutkTQOqc&list=LM"
"Relax","REZN","Let It Burn","7:43","https://music.youtube.com/watch?v=vFO2Izyg0Bc&list=LM"
"Signals","Somali Yacht Club","The Sun","10:53","https://music.youtube.com/watch?v=Q324Q-dHJm0&list=LM"
"Pilgrim's Rest","Windhand","Eternal Return","3:18","https://music.youtube.com/watch?v=QXEDhJ5pNi8&list=LM"
"Far Harad (Bonus Track)","Acid Mammoth","Under Acid Hoof (Repress with bonus tracks)","4:10","https://music.youtube.com/watch?v=WUjFyg4KLuI&list=LM"
"Summer","Life On Venus","Homewards","3:26","https://music.youtube.com/watch?v=Cve0gIhyN9k&list=LM"
"Esoteric","Brutality","When the Sky Turns Black","2:08","https://music.youtube.com/watch?v=tKfyt_Qg88Y&list=LM"
"Black Magick Spell","Black Spell","Black Spell","3:21","https://music.youtube.com/watch?v=q2GJ-ZdEZ_g&list=LM"
"You Wish","Unida","Coping with the Urban Coyote","9:36","https://music.youtube.com/watch?v=pOiOyFOV5Oc&list=LM"
"Clear I","REZN","Chaotic Divine","3:41","https://music.youtube.com/watch?v=6U2ZefIseYU&list=LM"
"Clear II","REZN","Chaotic Divine","2:47","https://music.youtube.com/watch?v=nsr-en5MdHc&list=LM"
"Onyx","Alcest","Kodama","3:52","https://music.youtube.com/watch?v=D7-SvOWomyM&list=LM"
"I Am the Gravity","Spaceslug","Mountains & Reminiscence","4:30","https://music.youtube.com/watch?v=tpaWj-B6cCI&list=LM"
"Hypersurreal","REZN","Vinnum Sabbathi","4:50","https://music.youtube.com/watch?v=mcZbNUW_51g&list=LM"
"De Dood In Bloei","Amenra","De Doorn","4:39","https://music.youtube.com/watch?v=6oMn-Z4Z8-E&list=LM"
"High Tide","REZN","Calm Black Water","6:53","https://music.youtube.com/watch?v=kZIP7MXcOpU&list=LM"
"Orestes","A Perfect Circle","Mer De Noms","4:49","https://music.youtube.com/watch?v=TVF7Z3Pj_-I&list=LM"
"Emerging","REZN","Chaotic Divine","7:09","https://music.youtube.com/watch?v=jieoGeBlo-U&list=LM"
"The Red","Chevelle","Wonder What's Next (Expanded Edition)","3:59","https://music.youtube.com/watch?v=z1ndFL1v34E&list=LM"
"Crystal Ann","Annihilator","Alice In Hell","1:42","https://music.youtube.com/watch?v=e7a8EOwByZM&list=LM"
"Hugsja","Ivar Bjørnson & Einar Selvik","Hugsja","4:36","https://music.youtube.com/watch?v=Qg_IDDzVS_E&list=LM"
"WAVES (feat. CAMMIE GILBERT)","ISON","AURORA","9:11","https://music.youtube.com/watch?v=nqwJX-TZx0c&list=LM"
"Lo","Holy Fawn","Realms","6:38","https://music.youtube.com/watch?v=TgDPUQDOdDs&list=LM"
"Candy","Holy Fawn","","5:51","https://music.youtube.com/watch?v=GPnqVsODSt0&list=LM"
"God Is Dead?","Black Sabbath","13","8:53","https://music.youtube.com/watch?v=kkcHZQ_hZWk&list=LM"
"Homecoming: Denied!","Harakiri For The Sky","Homecoming: Denied!","7:54","https://music.youtube.com/watch?v=K9LaMCgUWiE&list=LM"
"Into Distance","Shamrain","Empty World Excursion","7:35","https://music.youtube.com/watch?v=mbU1ljSmGZ4&list=LM"
"Exemption","Thurisaz","Re-Incentive","6:28","https://music.youtube.com/watch?v=axrg0y2y-G0&list=LM"
"Endless...","Thurisaz","Scent of a Dream","5:33","https://music.youtube.com/watch?v=7KuLpsUHGLs&list=LM"
"Inner Voices","Thurisaz","The Cimmerian Years","2:55","https://music.youtube.com/watch?v=NNhIHnirTkk&list=LM"
"They Rode On","Watain","The Wild Hunt","8:43","https://music.youtube.com/watch?v=y1shqeyKVPI&list=LM"
"The Eerie Cold","Shining","IV: The Eerie Cold","5:52","https://music.youtube.com/watch?v=AZOU9wKdLbQ&list=LM"
"Hollow Stone","Agalloch","The White EP","4:16","https://music.youtube.com/watch?v=lyZstvo5TCY&list=LM"
"It Always Comes Back","Intig","Modfälld","5:51","https://music.youtube.com/watch?v=tSo4vqcFFL0&list=LM"
"Bored","Deftones","Adrenaline","4:06","https://music.youtube.com/watch?v=QPXLYUHJP1Y&list=LM"
"Melantroduction","Lacrimas Profundere","Burning: A Wish","3:16","https://music.youtube.com/watch?v=ZP6OkstgB9I&list=LM"
"Cain","Tiamat","Prey","5:26","https://music.youtube.com/watch?v=cbyodXriMyI&list=LM"
"POTHAMUS - Abur in the Ark","Pelagic Records","","1:05:14","https://music.youtube.com/watch?v=DAoCQ_2HtjU&list=LM"
"Orath","Pothamus","Orath","11:09","https://music.youtube.com/watch?v=aPM9YjWVdWM&list=LM"
"Viso","Pothamus","Viso","9:27","https://music.youtube.com/watch?v=Z2LXEITU_Yg&list=LM"
"Unha Ofrenta de Ósos","Sangre de Muerdago","Braided Paths","6:32","https://music.youtube.com/watch?v=xUdqDVHxbL4&list=LM"
"The Swan","Ofdrykkja","The Swan","6:29","https://music.youtube.com/watch?v=y60E7DCiS-s&list=LM"
"Sorg","Vàli","Forlatt","6:07","https://music.youtube.com/watch?v=33v9oTMRMmI&list=LM"
"Silently I Surrender","The Third And The Mortal","Ep's and Rarities","8:03","https://music.youtube.com/watch?v=ZoFoQ5yQxwU&list=LM"
"Wehmut","Empyrium","Where at Night the Wood Grouse Plays","3:00","https://music.youtube.com/watch?v=EYRQG9a9jGE&list=LM"
"Landlocked (Live)","Antimatter","Parallel Matter (Rarities 2001-24)","4:38","https://music.youtube.com/watch?v=_LTxt7DgXMk&list=LM"
"Welcome to the Machine","Antimatter","Welcome to the Machine / Too Late","6:41","https://music.youtube.com/watch?v=r1u2XOwQ_yM&list=LM"
"I Skumringstimen","Vàli","Skogslandskap","3:31","https://music.youtube.com/watch?v=voZO5gm60_o&list=LM"
"Reality Clash","Antimatter","Lights Out","7:46","https://music.youtube.com/watch?v=xbUxx0rmuc4&list=LM"
"Everything You Know Is Wrong (Acoustic)","Antimatter","Lights Out","2:56","https://music.youtube.com/watch?v=mZxLTuCL-1M&list=LM"
"Everything You Know Is Wrong","Antimatter","Lights Out","4:04","https://music.youtube.com/watch?v=2xvpOvlh27k&list=LM"
"Magma","The Third And The Mortal","Painting on Glass","4:27","https://music.youtube.com/watch?v=WS9hDJpSwPM&list=LM"
"Trial of Past","The Third And The Mortal","Tears Laid in Earth","5:15","https://music.youtube.com/watch?v=PxRSY6cY6cY&list=LM"
"Why so Lonely","The Third And The Mortal","Tears Laid in Earth","5:15","https://music.youtube.com/watch?v=UzJEdNngx10&list=LM"
"A Life All Mine","The Gathering","Souvenirs","5:08","https://music.youtube.com/watch?v=3XznQiIcuP0&list=LM"
"A Fine Day to Exit","Anathema","A Fine Day to Exit","6:49","https://music.youtube.com/watch?v=_ZwFceamokg&list=LM"
"Landlocked","Antimatter","Leaving Eden","4:01","https://music.youtube.com/watch?v=3fjhrbZ06xA&list=LM"
"The Freak Show","Antimatter","Leaving Eden","5:11","https://music.youtube.com/watch?v=vHQCY3N4WRQ&list=LM"
"Autumn I","Gallowbraid","Ashen Eidolon","4:24","https://music.youtube.com/watch?v=_pZ1zDWCUOU&list=LM"
"Blister","Seether","Curiosities, Rarities And Pariahs","3:38","https://music.youtube.com/watch?v=4ck4wolBXB4&list=LM"
"Change (In the House of Flies) [Acoustic] [2005 Remaster] (Acoustic; 2005 Remaster)","Deftones","B-Sides & Rarities","5:17","https://music.youtube.com/watch?v=4SOsljKynx4&list=LM"
"Tourniquet","Marilyn Manson","Antichrist Superstar","4:29","https://music.youtube.com/watch?v=8yonCpzQWwc&list=LM"
"Essence of Black","Solitude Aeturnus","Alone","5:36","https://music.youtube.com/watch?v=ldgrXPhpn5o&list=LM"
"No Celebration","Paradise Lost","Symbol Of Life","3:49","https://music.youtube.com/watch?v=qY2HFu9oMhk&list=LM"
"Stress","Godsmack","Godsmack","5:03","https://music.youtube.com/watch?v=twT2-60_Ab4&list=LM"
"Voodoo","Godsmack","Godsmack","4:43","https://music.youtube.com/watch?v=XaiYxczjZ0U&list=LM"
"Graveyard Disciples","Black Label Society","1919 Eternal","3:22","https://music.youtube.com/watch?v=A5hBQzJE58M&list=LM"
"Lover's Grief","Empyrium","Songs of Moors and Misty Fields","9:12","https://music.youtube.com/watch?v=bfTrg4Q1tmI&list=LM"
"The 8th Day: Mourning","Solitude Aeturnus","Through the Darkest Hour","6:08","https://music.youtube.com/watch?v=i39jMMvG2Fk&list=LM"
"Floods","Pantera","The Great Southern Trendkill (20th Anniversary Edition)","7:00","https://music.youtube.com/watch?v=y07nCSxwkso&list=LM"
"Plateau of the Ages","Agalloch","The Serpent & the Sphere","12:27","https://music.youtube.com/watch?v=UEt1_nRY8LM&list=LM"
"Fraccions","Soen","Cognitive","4:57","https://music.youtube.com/watch?v=jMmsjnCCQ3A&list=LM"
"(Serpens Caput) (feat. Nathanael Larochette)","Agalloch","The Serpent & the Sphere","3:07","https://music.youtube.com/watch?v=8wZ-X549ZU0&list=LM"
"To Drown","Agalloch","Marrow of the Spirit","10:28","https://music.youtube.com/watch?v=fpMjsCK43ew&list=LM"
"Black Lake Niðstång","Agalloch","Marrow of the Spirit","17:35","https://music.youtube.com/watch?v=ktL2xfaLXM4&list=LM"
"The Ghosts Of Summer's Past","Woods Of Ypres","Pursuit Of The Sun & Allure Of The Earth","5:56","https://music.youtube.com/watch?v=2lr-MqtDE-g&list=LM"
"A Glimpse of Sorrow (feat. Pim Blankenstein)","Clouds","Doliu","11:47","https://music.youtube.com/watch?v=zISa5JQOLAQ&list=LM"
"Thou Art Free","Saturnus","For The Loveless Lonely Nights (2010 Re-release)","4:47","https://music.youtube.com/watch?v=c7208kMCr4k&list=LM"
"Tied My Hands","Saron Gas","Fragile","5:14","https://music.youtube.com/watch?v=22_XVqpK7Bo&list=LM"
"Bridge to Cross","Black Label Society","1919 Eternal","5:50","https://music.youtube.com/watch?v=LQ04BkiDyts&list=LM"
"Everwake","Anathema","Pentecost III & The Crestfallen EP","2:40","https://music.youtube.com/watch?v=mpJ20iIwi1k&list=LM"
"Blackened Waters","Black Label Society","The Blessed Hellride","3:57","https://music.youtube.com/watch?v=NyRRqPTcbsU&list=LM"
"Fire It Up","Black Label Society","Mafia","5:00","https://music.youtube.com/watch?v=Gnhzi2_f0y8&list=LM"
"Rust","Black Label Society","Stronger Than Death","6:09","https://music.youtube.com/watch?v=cxGZj3xLzfI&list=LM"
"Kingdom","Anathema","Pentecost III & The Crestfallen EP","9:32","https://music.youtube.com/watch?v=lJVkvAx_W5Q&list=LM"
"Ring Of Gold","Bathory","In Memory Of Quorthon, Vol. II","5:36","https://music.youtube.com/watch?v=ollAN6rtYzc&list=LM"
"Reflection","TOOL","Lateralus","11:08","https://music.youtube.com/watch?v=f9vp7Jbc0p8&list=LM"
"Dear Sun","October Tide","Grey Dawn","3:33","https://music.youtube.com/watch?v=hRj8hS3KKDI&list=LM"
"Sleeping Murder","Shape Of Despair","Shape of Despair","8:35","https://music.youtube.com/watch?v=ELDZitqQtug&list=LM"
"...In The Mist","Shape Of Despair","Shades Of...","13:44","https://music.youtube.com/watch?v=LgtrGu2ndwU&list=LM"
"Paradise Belongs To You","Saturnus","Paradise Belongs To You","10:15","https://music.youtube.com/watch?v=rjZtWIWjoNU&list=LM"
"Someone I (Don't) Know","Rapture","Futile","7:43","https://music.youtube.com/watch?v=JnxwpYwH_W0&list=LM"
"Softly On The Path You Fade","Saturnus","Martyre","7:09","https://music.youtube.com/watch?v=Nhos3kY6mdU&list=LM"
"Burning Clean (Friction Album Version)","Stavesacre","Friction","6:30","https://music.youtube.com/watch?v=4B9Nhj1_cd4&list=LM"
"Chains","Soliloquium","Contemplations","8:56","https://music.youtube.com/watch?v=99mpBY3mSXU&list=LM"
"With Or Without","Soliloquium","With Or Without","6:25","https://music.youtube.com/watch?v=syhd7G0Hykk&list=LM"
"The Oaken Throne","Empyrium","Über den Sternen","7:28","https://music.youtube.com/watch?v=b7p2CRxGXW4&list=LM"
"Heaven Was Blind to My Grief","Clouds","Doliu","8:33","https://music.youtube.com/watch?v=bLrxbI4DwNQ&list=LM"
"Where at Night the Wood Grouse Plays","Empyrium","Where at Night the Wood Grouse Plays","5:32","https://music.youtube.com/watch?v=FMd76RsA51c&list=LM"
"Black Orchid (Studio)","Anathema","The Silent Enigma","3:41","https://music.youtube.com/watch?v=5RcLwmPG3ys&list=LM"
"Sunset Of Age (Studio)","Anathema","The Silent Enigma","6:56","https://music.youtube.com/watch?v=AomEZbdbOQc&list=LM"
"Alone (Studio)","Anathema","The Silent Enigma","4:25","https://music.youtube.com/watch?v=FtI8ceAhZag&list=LM"
"Porcelain Heart","Opeth","Watershed","8:01","https://music.youtube.com/watch?v=1ShepIkD8xU&list=LM"
"Sound Of Snow","Shamrain","Deeper Into The Night","4:42","https://music.youtube.com/watch?v=FtfRZ4kjv0w&list=LM"
"Everything Here Is Black and Blinding","We Lost The Sea","A Single Flower","7:43","https://music.youtube.com/watch?v=RpGRe26Y3CI&list=LM"
"Under The Weeping Moon","Opeth","Orchid","9:53","https://music.youtube.com/watch?v=AP0-qbw-dSg&list=LM"
"From Forest to Firmament","Midnight Odyssey","Firmament","9:32","https://music.youtube.com/watch?v=Jy8u9emRuHM&list=LM"
"Closer","Anathema","A Natural Disaster","6:22","https://music.youtube.com/watch?v=TCaWi321SPU&list=LM"
"Harmonium","Anathema","A Natural Disaster","5:29","https://music.youtube.com/watch?v=rQEVmh6aZVQ&list=LM"
"Anyone, Anywhere","Anathema","Judgement","4:51","https://music.youtube.com/watch?v=Vzie8_XlpWA&list=LM"
"Loddfáfnir","Vígundr","Loddfáfnir","5:18","https://music.youtube.com/watch?v=L9LxO7QFx-c&list=LM"
"En fragmentarisk resa genom tidsrymden","Ofdrykkja","Irrfärd","13:09","https://music.youtube.com/watch?v=LTb5oWLfMoA&list=LM"
"As the Northern Wind Cries","Ofdrykkja","Gryningsvisor","5:24","https://music.youtube.com/watch?v=B6gq1YU-ibg&list=LM"
"Grey","Ofdrykkja","Gryningsvisor","8:10","https://music.youtube.com/watch?v=tsM2wPmcK88&list=LM"
"Leaving Eden","Antimatter","Leaving Eden","5:51","https://music.youtube.com/watch?v=NwpBKVTeMVI&list=LM"
"Liturgiya","PATRIARKH","Hospodi","6:33","https://music.youtube.com/watch?v=MY2DF1KVatM&list=LM"
"Pantheist","Agalloch","The White EP","7:18","https://music.youtube.com/watch?v=MsjQolqZpGM&list=LM"
"Febersvan","GAUPA","GAUPA","7:28","https://music.youtube.com/watch?v=P6oqwy68qyU&list=LM"
"Cult Classic","Spotlights","Demonstration","4:54","https://music.youtube.com/watch?v=0ZdiW1nhw2k&list=LM"
"Песнь 5","Батюшка","Панихида","5:34","https://music.youtube.com/watch?v=XVBkYi7FoPs&list=LM"
"Bubbles","Ventura","Superheld","4:39","https://music.youtube.com/watch?v=w2QzK--snhY&list=LM"
"Cheyenne","Russian Circles","Memorial","4:25","https://music.youtube.com/watch?v=nf3GL-8FWBg&list=LM"
"Schoenberg","Her New Knife","Destroza","4:00","https://music.youtube.com/watch?v=QrTIa4dATZw&list=LM"
"In Tooth & Claw","Treebeard","In Tooth & Claw","5:43","https://music.youtube.com/watch?v=WQeqnoQaSi0&list=LM"
"Blvd. Nights","Team Sleep","Team Sleep (U.S. Release)","3:09","https://music.youtube.com/watch?v=UW970rB73fw&list=LM"
"Flesh From Bone","Paradise Lost","The Plague Within","4:19","https://music.youtube.com/watch?v=sjXx0Y9S6Ek&list=LM"
"The Anger Song","Nosound","Afterthoughts","4:22","https://music.youtube.com/watch?v=vjju8w1T9kQ&list=LM"
"Bitches Brew","††† (Crosses)","††† (Crosses)","3:29","https://music.youtube.com/watch?v=rZsthN6UDqI&list=LM"
"Burn The Bones","Kodain","Burn The Bones","2:55","https://music.youtube.com/watch?v=Xb1iGsAnWTQ&list=LM"
"The Abyss Looks into Me","Oathbreaker","ErosAnteros","9:03","https://music.youtube.com/watch?v=OdPNFTruxfc&list=LM"
"The Magic of Nature","Elderwind","The Magic of Nature","7:25","https://music.youtube.com/watch?v=uD3mOE6ce4E&list=LM"
"Chanson d'automne","Les Discrets","Septembre et ses dernières pensées","7:40","https://music.youtube.com/watch?v=1YkkSWMF__g&list=LM"
"Black Crown","FLESH","Come and See This Cruel World","5:44","https://music.youtube.com/watch?v=arPa6weKiOk&list=LM"
"The Throne Abandoned","Within Thy Wounds","Forest of Iniquity","8:54","https://music.youtube.com/watch?v=ECV5QFvQ6Kw&list=LM"
"Forsaken","Autrest","Burning Embers, Forgotten Wolves","3:50","https://music.youtube.com/watch?v=cYXkbTsoEe8&list=LM"
"Age of Rest","Dead Melodies","Fabled Machines of Old","4:11","https://music.youtube.com/watch?v=MmR-uQbz92g&list=LM"
"Watchtower","Autrest","Follow the Cold Path","4:55","https://music.youtube.com/watch?v=KRR7K1fySAc&list=LM"
"Illa Tiðandi","None","Life Has Gone on Long Enough","6:04","https://music.youtube.com/watch?v=Qe6MLLJjCRA&list=LM"
"Serpent's","Ciemra","The Tread of Darkness","4:29","https://music.youtube.com/watch?v=zZojzJs78_4&list=LM"
"Spirituelles Equilibrium","Totalselfhatred","Totalselfhatred","4:39","https://music.youtube.com/watch?v=O5_n1689nvA&list=LM"
"Soulscape","Unreqvited","Stars Wept to the Sea","13:14","https://music.youtube.com/watch?v=NmtJj0I-uo8&list=LM"
"Anhedonia","Unreqvited","Stars Wept to the Sea","5:22","https://music.youtube.com/watch?v=hj4QcKs4kpo&list=LM"
"You Lied","Peach gb","Giving Birth to a Stone","6:55","https://music.youtube.com/watch?v=Br4SbTLIlMI&list=LM"
"Tool - You Lied [HD]","iBongbarian","","9:18","https://music.youtube.com/watch?v=jmkRHo4Vca4&list=LM"
"Sargeist - Empire of Suffering (Piano Cover)","Black Metal Piano Covers","","5:49","https://music.youtube.com/watch?v=2k2h-aAOnIQ&list=LM"
"Forlorn in Silence","Lord Belial","Enter the Moonlight Gate","3:51","https://music.youtube.com/watch?v=kSasHgpZ5wM&list=LM"
"Locked, Empty Room","NONE","Inevitable","9:13","https://music.youtube.com/watch?v=Tl4mQyHpQfw&list=LM"
"Siren","bosses","Many Worlds","5:26","https://music.youtube.com/watch?v=3dIhgIWf9mo&list=LM"
"Bored","Ally Nicholas","Bored","3:11","https://music.youtube.com/watch?v=VMZfYe9nQLA&list=LM"
"Indigo","Wounded Masquerade","discarded","3:12","https://music.youtube.com/watch?v=nELjxfDvcK4&list=LM"
"Dimensional Bleed","Holy Fawn","Dimensional Bleed","2:40","https://music.youtube.com/watch?v=yGf_nSF6P4s&list=LM"
"Swan","seventh cloud","Swan","3:16","https://music.youtube.com/watch?v=MqcgiL2w2w4&list=LM"
"Flood Street","Mother of Pearl","So Long to Knowing","3:03","https://music.youtube.com/watch?v=pAXAfC8I0Bs&list=LM"
"Maggot Brain","Nothing is New","Nothing is New: Self-Made Synchrony","3:02","https://music.youtube.com/watch?v=Mrez09sVPY0&list=LM"
"Die Toteninsel (Shooting Stars)","1000 Eyes","SIGNALIS: MEMORIES (Side B)","3:36","https://music.youtube.com/watch?v=OMSRzkMupEw&list=LM"
"Never Came Home","NONE","Inevitable","9:03","https://music.youtube.com/watch?v=zV6cAq2AwFM&list=LM"
"Everybody Dies Alone","Desolate Tapes","Where All Life Fades Away​.​.​.","6:13","https://music.youtube.com/watch?v=J6swnK7dihM&list=LM"
"The Killing Tent","*shels","Sea of the Dying Dhow","4:19","https://music.youtube.com/watch?v=7e9CkK2RYEk&list=LM"
"Sonder","Grivo","Elude","3:32","https://music.youtube.com/watch?v=Sj7C1fqWKs8&list=LM"
"Room","Grivo","Elude","7:31","https://music.youtube.com/watch?v=wXFc79MvD0U&list=LM"
"Voice of Slumber","Morgoth","Ungod","4:53","https://music.youtube.com/watch?v=HIh8W95gVPE&list=LM"
"Dismantling Devotion","Daylight Dies","Dismantling Devotion","7:00","https://music.youtube.com/watch?v=dsHiYA2Vv4I&list=LM"
"Endurance","Kogeru","Endurance","5:00","https://music.youtube.com/watch?v=hHJlu6CpdV0&list=LM"
"Unwinding Spirits (feat. Manuel Gagneux)","Zatokrev","","9:35","https://music.youtube.com/watch?v=zLydnqChXIs&list=LM"
"I Want To Touch You","Amor de Paris","I Want To Touch You","3:55","https://music.youtube.com/watch?v=-ZsZHfWbTHs&list=LM"
"Chikoi The Maid - Wishes","Chikoi The Maid","","6:02","https://music.youtube.com/watch?v=twpkb08f0Ek&list=LM"
"Where I Go","NewDad","","3:43","https://music.youtube.com/watch?v=4akKONBlwuY&list=LM"
"Angel","NewDad","","3:20","https://music.youtube.com/watch?v=rIBWBrJzXU0&list=LM"
"Hymn Til Døden","Carpathian Forest","Defending the Throne of Evil","3:52","https://music.youtube.com/watch?v=BNC7mYKxUpg&list=LM"
"Utrenia","PATRIARKH","Hospodi","5:27","https://music.youtube.com/watch?v=mPRfKPZHIJQ&list=LM"
"Seeds of the Desolate","Solitude Aeturnus","Beyond the Crimson Horizon","6:31","https://music.youtube.com/watch?v=buVfH01JzqU&list=LM"
"Begeerte","Oathbreaker","","6:44","https://music.youtube.com/watch?v=mYjyybh0nBc&list=LM"
"Waiting for the Light","Solitude Aeturnus","Alone","4:42","https://music.youtube.com/watch?v=sjATIHdVBQA&list=LM"
"Beneath the Fading Sun","Solitude Aeturnus","Beyond the Crimson Horizon","4:26","https://music.youtube.com/watch?v=RHvxBiGlAOI&list=LM"
"No One","Fevr","Hidden Meadows","3:25","https://music.youtube.com/watch?v=XG8uWllgVYo&list=LM"
"Empty Faith","Solitude Aeturnus","Adagio","3:59","https://music.youtube.com/watch?v=VmheYrUzazs&list=LM"
"I can't do it no more","Fevr","Hidden Meadows","3:15","https://music.youtube.com/watch?v=uS1bjGPyry8&list=LM"
"SILENCER - Sterile Nails and Thunderbowels (intrumental)","Johanna H (John Anna)","","6:19","https://music.youtube.com/watch?v=zn947d8m5mg&list=LM"
"Bittersweet Mary","MILLY","","3:55","https://music.youtube.com/watch?v=GWtK3ENk9bI&list=LM"
"Through Corridors of Oppression","Shining","Oppression MMXVIII","4:08","https://music.youtube.com/watch?v=BPGqhCCsJ58&list=LM"
"Livets Långa Resa","Intig","Vilsen","5:15","https://music.youtube.com/watch?v=PeJnhsCXNtw&list=LM"
"Night's Blood","Dissection","Storm of the Light's Bane","6:42","https://music.youtube.com/watch?v=b1zuqV7L6dk&list=LM"
"We remain","Watain","The Agony & Ecstasy of Watain","6:14","https://music.youtube.com/watch?v=dw5PSEXkNfo&list=LM"
"Tystnadsplikt","Intig","Dystymi","4:02","https://music.youtube.com/watch?v=zWuztbdQINw&list=LM"
"Longing for an End","Intig","Dystymi","7:08","https://music.youtube.com/watch?v=PsS5v7468kk&list=LM"
"The day i finally left my pain behind","Wounded Masquerade","River of crimson tears","6:07","https://music.youtube.com/watch?v=bArJ_6kwhOg&list=LM"
"Sink Into Sin - II","Oathbreaker","Mælstrøm","3:34","https://music.youtube.com/watch?v=yUYZtB5WnNY&list=LM"
"NOBODYINFACT - SUBTELNOŚĆ (from CZELUŚĆ #5 compilation)","CZELUŚĆ","","3:50","https://music.youtube.com/watch?v=9nV0_zWJgSY&list=LM"
"Silent Circus","AKIRA YAMAOKA","SILENT HILL4 -THE ROOM- (Original Soundtrack)","2:56","https://music.youtube.com/watch?v=sYWayhJUETc&list=LM"
"one last touch... (dsbm)","CØL Ambient + OTS DSBM","","3:24","https://music.youtube.com/watch?v=BIPHGJIiXyM&list=LM"
"Get Away (feat. Joao)","Fevr","Get Away","4:36","https://music.youtube.com/watch?v=6ZhuOd_0-Ps&list=LM"
"Adore the Distance","Soft Blue Shimmer","Heaven Inches Away","4:38","https://music.youtube.com/watch?v=Rrm9cXax4eE&list=LM"
"Fixate","Bleed","Bleed","3:00","https://music.youtube.com/watch?v=CIhEitxSj9g&list=LM"
"MAX: PANAMA","HEALTH","Max Payne 3 Official Soundtrack","4:10","https://music.youtube.com/watch?v=5-FpvsrhQQ4&list=LM"
"Enemy","Balance And Composure","The Things We Think We're Missing","4:34","https://music.youtube.com/watch?v=JDNvFXzjthk&list=LM"
"IV","BLACKSHAPE","BLACKSHAPE","4:52","https://music.youtube.com/watch?v=TN11fSeBPC4&list=LM"
"Realize Remix (feat. Softcult и whatsaheart)","Trxy!","Softcult","2:56","https://music.youtube.com/watch?v=aJ11weJXD8g&list=LM"
"Serpent On The Cross","Paradise Lost","Serpent On The Cross","6:14","https://music.youtube.com/watch?v=X1-7nf87XjA&list=LM"
"when you talk all i hear is noise (slowed)","Nextime","We Are Not Friends","2:37","https://music.youtube.com/watch?v=g_v0Po_8OIY&list=LM"
"Chamber Of Reflection","MAX DIAZ","Chamber Of Reflection","3:24","https://music.youtube.com/watch?v=xzL63e9Tv8Y&list=LM"
"Untitled","Strife","Truth Through Defiance","3:49","https://music.youtube.com/watch?v=3lZio7K7DK4&list=LM"
"In A Dream","Heavenward","In A Dream","4:30","https://music.youtube.com/watch?v=lO2ZhJSc2hs&list=LM"
"Need","Midrift","Need","2:56","https://music.youtube.com/watch?v=NgnVFEgI6fQ&list=LM"
"Silent Call","Sundazer","Silent Call","3:30","https://music.youtube.com/watch?v=HApzaO653Cs&list=LM"
"Resurrection","Sadistic Intent","Resurrection","2:46","https://music.youtube.com/watch?v=42HshzCnaag&list=LM"
"Scars","Forgotten Tomb","Springtime Depression","7:11","https://music.youtube.com/watch?v=gq26YU1LfiQ&list=LM"
"Dead Eyes","Deadlife","Dead Eyes","15:35","https://music.youtube.com/watch?v=bjDzdNoVlJg&list=LM"
"Pachyclada","My Sleeping Karma","Soma","8:44","https://music.youtube.com/watch?v=BRmcpZnFBC8&list=LM"
"Sweeper","Pearly Goats","Death and Reckoning","7:20","https://music.youtube.com/watch?v=YAnh4Ei6TOc&list=LM"
"Noise of the Void","Drab Majesty","Modern Mirror","5:33","https://music.youtube.com/watch?v=XGOHXtKnMk4&list=LM"
"Day Star","Modern Color","Now, Life is Living You","4:58","https://music.youtube.com/watch?v=tTHwEKDiOrc&list=LM"
"Stare At The Void","Superheaven","","4:07","https://music.youtube.com/watch?v=siDhacKVxdE&list=LM"
"my mind is in ruins","Misery","","3:29","https://music.youtube.com/watch?v=g9DLbzRAc1w&list=LM"
"In The Air Tonight","Marilyn Manson","In The Air Tonight","5:02","https://music.youtube.com/watch?v=6gyBpFcHB18&list=LM"
"Rop Fra Røynda - Mælt Fra Minne","Ivar Bjørnson & Einar Selvik","Skuggsjá","5:44","https://music.youtube.com/watch?v=zhNamUHNre8&list=LM"
"Den grymma hästen","Forndom","Dauðra Dura","5:18","https://music.youtube.com/watch?v=NUKSguYbfo8&list=LM"
"As Sick As The Secrets Of (Sleep)","Marilyn Manson","In The Air Tonight","5:00","https://music.youtube.com/watch?v=IgFZnLHCSSY&list=LM"
"Marilyn Manson - Resident Evil Main Theme (Dubstep/Metal Remix)","Remstage Music","","5:35","https://music.youtube.com/watch?v=9hZxNb7-TPg&list=LM"
"Orchard","Windhand","","6:38","https://music.youtube.com/watch?v=ziZ9w5OiyKo&list=LM"
"Salve Mater","AmenRa (BE)","","9:08","https://music.youtube.com/watch?v=WDcKPlRHKQo&list=LM"
"Suffering","Pg.lost","","5:53","https://music.youtube.com/watch?v=h8H6pFMHfaQ&list=LM"
"More; Less.","A Burial At Sea","","5:29","https://music.youtube.com/watch?v=XSXJOiT76tI&list=LM"
"SONNE (in style of DOOM)","Andy Strider","SONNE (in style of DOOM)","4:16","https://music.youtube.com/watch?v=ybQOfmXEQhY&list=LM"
"Asteroid","Kyuss","Welcome to Sky Valley","4:49","https://music.youtube.com/watch?v=EjHzPrBCgf0&list=LM"
"Negative Is The New Positive","Long Distance Calling","GHOST","8:51","https://music.youtube.com/watch?v=MEX_nQvGdhI&list=LM"
"Grifter","King Buffalo","The Burden of Restlessness","5:18","https://music.youtube.com/watch?v=d3H8jcCqnBA&list=LM"
"Centurion","King Buffalo","Repeater","5:57","https://music.youtube.com/watch?v=YJ9_2P2J35I&list=LM"
"State of Non-Return","OM","Advaitic Songs","6:06","https://music.youtube.com/watch?v=BdpA3tzX8YI&list=LM"
"Drown Within","Ulcerate","Everything Is Fire","6:43","https://music.youtube.com/watch?v=LKLa06iaVkc&list=LM"
"Destinos","Have A Nice Life","Sea of Worry","13:13","https://music.youtube.com/watch?v=n9-hYw6ajNQ&list=LM"
"In Spirit in Spite","Absent in Body","","8:11","https://music.youtube.com/watch?v=8AHHmyiC6FY&list=LM"
"ABSENT IN BODY - The Half Rising Man (Official Music Video)","RelapseRecords","","5:59","https://music.youtube.com/watch?v=PfnuztoGz_I&list=LM"
"Sarin","Absent in Body","Sarin","5:58","https://music.youtube.com/watch?v=fUHXKccwo5Q&list=LM"
"Rise from Ruins","Absent in Body","Rise from Ruins","5:32","https://music.youtube.com/watch?v=ilVI_beyVNI&list=LM"
"10910","CHVE","10910","26:30","https://music.youtube.com/watch?v=zNCuC-KpahE&list=LM"
"She Never Left","Chve","She Never Left","4:13","https://music.youtube.com/watch?v=kKPYCF-83k0&list=LM"
"Best Collection of Classical Guitar Music 2024 | 11 Hours of Pure Joy 🎶","SiccasGuitars","","11:45:03","https://music.youtube.com/watch?v=aCXPBXgiBvk&list=LM"
"Amenra - acoustic set  - Grauzone festival 2021","Grauzone Festival","","1:06:03","https://music.youtube.com/watch?v=LP-4yXQp2AY&list=LM"
"POTHAMUS - Abur (Full Album Stream)","Pelagic Records","","46:48","https://music.youtube.com/watch?v=xBZyJyUwUdk&list=LM"
".De Dodenakker.","Amenra","Mass Iiii","10:06","https://music.youtube.com/watch?v=N5optqBoMSg&list=LM"
"Sightless","Holy Fawn","Dimensional Bleed","7:04","https://music.youtube.com/watch?v=keMt8jdDNCA&list=LM"
"Savartuum Avur","Pothamus","","8:12","https://music.youtube.com/watch?v=kte6rwJ3tP8&list=LM"
"Ykavus","Pothamus","","6:37","https://music.youtube.com/watch?v=sSgNvmZAgLI&list=LM"
"Zhikarta","Pothamus","","7:27","https://music.youtube.com/watch?v=TkYtAeRjHKY&list=LM"
"Nothing to Win","YOB","Clearing the Path to Ascend","11:22","https://music.youtube.com/watch?v=Y6hAnFZkJ9A&list=LM"
"Passing Through","Cult of Luna","","6:04","https://music.youtube.com/watch?v=UoVvTuIwXA4&list=LM"
"Cult of Luna - Three Bridges (official)","Cult of Luna","","8:46","https://music.youtube.com/watch?v=wgN3OV6XtTY&list=LM"
"Ogentroost","Amenra","De Doorn","10:02","https://music.youtube.com/watch?v=eGGh7HNXUHY&list=LM"
"Het Gloren","Amenra","De Doorn","11:31","https://music.youtube.com/watch?v=ElA3Dusb0Ng&list=LM"
"Roses","Frayle","Skin & Sorrow","5:06","https://music.youtube.com/watch?v=LIhYlC-fqS8&list=LM"
"Bright Eyes","Frayle","Bright Eyes","4:38","https://music.youtube.com/watch?v=UXo6cJQ0_AI&list=LM"
"The Valley","Emma Ruth Rundle","Thou","8:59","https://music.youtube.com/watch?v=mil14n6x8-w&list=LM"
".TerZiele.Tottedood.","Amenra","Mass Iiii","6:50","https://music.youtube.com/watch?v=r-ih8-51s30&list=LM"
"Wear My Crown","Amenra","Afterlife","4:09","https://music.youtube.com/watch?v=2L3bHxyzAHo&list=LM"
"Beat Around the Bush","Nothing","Guilty of Everything","4:06","https://music.youtube.com/watch?v=uDBwBXc94YQ&list=LM"
"Ghosts","Paradise Lost","Obsidian","4:36","https://music.youtube.com/watch?v=VvGKmot9kyM&list=LM"
"Inland Rain","Cult of Luna","A Dawn to Fear","7:01","https://music.youtube.com/watch?v=TnKhldSmkbE&list=LM"
"Nightwalkers","Cult of Luna","A Dawn to Fear","10:49","https://music.youtube.com/watch?v=_SQMmv1s0FE&list=LM"
"Curse","Cult Of Luna","Eternal Kingdom","6:31","https://music.youtube.com/watch?v=w9i467MB4EY&list=LM"
"The Fall","Cult of Luna","A Dawn to Fear","13:13","https://music.youtube.com/watch?v=oH5ONciEHIs&list=LM"
"Full Moon","Cult of Luna","The Long Road North","3:07","https://music.youtube.com/watch?v=BLccmVDxYlw&list=LM"
"An Offering to the Wild (feat. Colin Stetson)","Cult of Luna","The Long Road North","12:44","https://music.youtube.com/watch?v=QpugQEgvelY&list=LM"
"The Wreck of S.S. Needle","Cult of Luna","Julie Christmas","9:34","https://music.youtube.com/watch?v=LITp8cIL904&list=LM"
"My Funeral Dreams","Candlemass","Death Magic Doom","6:04","https://music.youtube.com/watch?v=VnYoEnuEn3Q&list=LM"
"The Bleeding Baroness","Candlemass","Death Magic Doom","7:20","https://music.youtube.com/watch?v=a-SMGfIW1Y0&list=LM"
"Muuntautuja","Oranssi Pazuzu","Muuntautuja","4:31","https://music.youtube.com/watch?v=UJyUIB5JeQw&list=LM"
"Rape Me","Thursday","In Utero, In Tribute: A Tribute to Nirvana's In Utero, In Entirety","2:54","https://music.youtube.com/watch?v=-trHxO8-Wj4&list=LM"
"Milk It","Thou","In Utero, In Tribute: A Tribute to Nirvana's In Utero, In Entirety","4:00","https://music.youtube.com/watch?v=HJ2KN7PS3GM&list=LM"
"Something in the Way","Thou","Blessings of the Highest Order","5:03","https://music.youtube.com/watch?v=TF7LeaNTCqc&list=LM"
"There Is No Horizon","Ulcerate","Stare Into Death And Be Still","7:03","https://music.youtube.com/watch?v=8GH9p3x4LqE&list=LM"
"Narcissist's Prayer","Thou","Umbilical","6:13","https://music.youtube.com/watch?v=OOKehNZc0uY&list=LM"
"Herr Mannelig","Ofdrykkja","Gryningsvisor","7:00","https://music.youtube.com/watch?v=XPhrTe_SHGI&list=LM"
"Voice of the Soul","Death","The Sound of Perseverance","3:44","https://music.youtube.com/watch?v=s2EJ1AqPIPg&list=LM"
"Descend","Split Chain","Descend","3:41","https://music.youtube.com/watch?v=GhD_odiNoQs&list=LM"
"Get Inside","Split Chain","Get Inside","3:09","https://music.youtube.com/watch?v=0c1I-0kC84E&list=LM"
"Leave Me Alive","PlasticSkin","Leave Me Alive","2:53","https://music.youtube.com/watch?v=83c2YFD1tFU&list=LM"
"the only one","Misery","the only one","3:20","https://music.youtube.com/watch?v=d32EQS0SvPs&list=LM"
"Street Spirit (Fade Out)","Harakiri For The Sky","GROZA","5:35","https://music.youtube.com/watch?v=Mifg13H8ydU&list=LM"
"Moonspell and Grief","Grima","Frostbitten","7:04","https://music.youtube.com/watch?v=FldHacGYeZ8&list=LM"
"HEALTH - MAX: PANAMA (Doomer Version)","What Matterson","","4:50","https://music.youtube.com/watch?v=bBDnJEzxDPc&list=LM"
"Giant's Eternal Sleep","Grima","Red Forest Ritual","7:37","https://music.youtube.com/watch?v=Oka4J8nIz_4&list=LM"
"Panama - Max Payne 3 OST (slowed + reverb)","s l o w  a n d  s t e a d y","","5:53","https://music.youtube.com/watch?v=VkYZKdWD59k&list=LM"
"NC-17","HEALTH","VOL. 4 :: SLAVES OF FEAR","3:09","https://music.youtube.com/watch?v=kNAySFS3Msk&list=LM"
"PAIN","HEALTH","Max Payne 3 Official Soundtrack","3:31","https://music.youtube.com/watch?v=LtlsuMUZBvg&list=LM"
"Missu","W#6","","3:13","https://music.youtube.com/watch?v=DSqM-wr_xRo&list=LM"
"HEALTH :: MASS GRAVE (BROTHEL REMIX) :: DISCO4+","Soccer Mommy","HEALTH","2:58","https://music.youtube.com/watch?v=mDKTRhG0LdI&list=LM"
"Colossal Rains","Paradise Lost","Icon 30","4:32","https://music.youtube.com/watch?v=ojyQxJgfN2g&list=LM"
"I Can See You","Neurosis","The Eye of Every Storm","6:12","https://music.youtube.com/watch?v=FcFIT90oMrE&list=LM"
"Left to Wander","Neurosis","The Eye of Every Storm","8:11","https://music.youtube.com/watch?v=woS5mJNLm9w&list=LM"
"The Eye of Every Storm","Neurosis","The Eye of Every Storm","11:57","https://music.youtube.com/watch?v=iSNcfmlGLQs&list=LM"
"Souls At Zero","Neurosis","Souls At Zero","9:19","https://music.youtube.com/watch?v=zV1ZQJCd_Vs&list=LM"
"To Crawl Under One's Skin","Neurosis","Souls At Zero","7:52","https://music.youtube.com/watch?v=e_RLPwgvLS0&list=LM"
"Silent Hill 2 Remake OST- Laura Plays The Piano","Angel Fenix","","5:09","https://music.youtube.com/watch?v=23jO7fKtdlw&list=LM"
"Don, Aman","Slint","Spiderland","6:29","https://music.youtube.com/watch?v=qMHh02UhQhs&list=LM"
"Neurosis - Through Silver In Blood","Dominique Vanheusden","","12:13","https://music.youtube.com/watch?v=Yp7Dz4bh5UE&list=LM"
"Silent Hill 2 Remake OST- True (2024)","Angel Fenix","","4:00","https://music.youtube.com/watch?v=9ZzDH1G07Fw&list=LM"
"The Tourist","Radiohead","OK Computer OKNOTOK 1997 2017","5:24","https://music.youtube.com/watch?v=4OzU1jdjSZA&list=LM"
"Decks Dark","Radiohead","A Moon Shaped Pool","4:42","https://music.youtube.com/watch?v=Del3C2W63Pk&list=LM"
"Climbing Up the Walls","Radiohead","OK Computer","4:46","https://music.youtube.com/watch?v=XX4EpkR-Sp4&list=LM"
"Spectre","Radiohead","Spectre","3:20","https://music.youtube.com/watch?v=CLiDemXYSLc&list=LM"
"eternal","lefty","eternal","3:23","https://music.youtube.com/watch?v=cC_xAHFG84s&list=LM"
"vanity","CHANGETHEWXRLD","vanity","4:00","https://music.youtube.com/watch?v=R-GJbPJtffQ&list=LM"
"Lost Tears","The Soft Moon","Zeros","4:36","https://music.youtube.com/watch?v=VCHcX_sf3kI&list=LM"
"Sliver","Cold Showers","Sliver","3:32","https://music.youtube.com/watch?v=L_8RwjaE0is&list=LM"
"NADA","The Soft Moon","Exister","4:15","https://music.youtube.com/watch?v=DQtP5AIUieE&list=LM"
"Sad Song","The Soft Moon","Exister","3:17","https://music.youtube.com/watch?v=iMIBEO4d_2E&list=LM"
"Total Decay","The Soft Moon","Total Decay","4:17","https://music.youtube.com/watch?v=ep1bofQ5ALU&list=LM"
"Phantasia","Autolysia","Womb","4:28","https://music.youtube.com/watch?v=E3VL-DNE0dc&list=LM"
"DooM II Music - Map 10 - The Demon's Dead by Nemistade","Nemistade","","3:03","https://music.youtube.com/watch?v=tPZmazIlXRY&list=LM"
"Shawn's Got the Shotgun","Nemistade","Shawn's Got the Shotgun","3:37","https://music.youtube.com/watch?v=etmueD0WRGk&list=LM"
"Doom 3 Theme","Nemistade","Doom 3 Theme","2:50","https://music.youtube.com/watch?v=NNP0FMn4QBI&list=LM"
"DooM II Music - Map 7 - Shawn's Got The Shotgun by Nemistade","Nemistade","","3:31","https://music.youtube.com/watch?v=aD2oM6J8-5k&list=LM"
"Moth","Mind","","6:34","https://music.youtube.com/watch?v=7Efh3kRicZ4&list=LM"
"Birdbox","Mind","","5:35","https://music.youtube.com/watch?v=HCyCZi97koM&list=LM"
"Darkthrone - Rust // Acoustic Black Metal Cover","autolysia","","2:59","https://music.youtube.com/watch?v=PrdoiGjnPps&list=LM"
"Was It a Dream?","Avith Ortega","Was It a Dream?","3:12","https://music.youtube.com/watch?v=fCwyuZtKeD0&list=LM"
"Vandagr","Heldom","Vandagr","4:01","https://music.youtube.com/watch?v=dvSF3YLb0c4&list=LM"
"Muse of Suicide","Nocturnal Depression","Tides of Despair","7:45","https://music.youtube.com/watch?v=a1UTx_k6HX0&list=LM"
"Unreleased material (1988 - 1994) - Burzum/Uruk-Hai","Stardust","","21:30","https://music.youtube.com/watch?v=HhxhDzF_GXg&list=LM"
"The Soft Moon - ""Wasting"" (Official Music Video)","Pitchfork","","5:59","https://music.youtube.com/watch?v=GqBMq5Q4s1o&list=LM"
"Fuzzorgasm (Keep On Screaming)","Acid Mammoth","Fuzzorgasm (Keep On Screaming)","6:12","https://music.youtube.com/watch?v=SxvtIYtESaE&list=LM"
"Slowshine","Daevar","Delirious Rites","6:05","https://music.youtube.com/watch?v=KsYtA2thrgA&list=LM"
"Nargaroth - Seven Tears Are Flowing to the River (Acoustic Cover)","Leiv Reed","","15:19","https://music.youtube.com/watch?v=gskFI6Eizk8&list=LM"
"Serpens South","Hail The Void","Memento Mori","6:38","https://music.youtube.com/watch?v=vnNLwB2POG0&list=LM"
"100 Pills","Hail The Void","Memento Mori","4:39","https://music.youtube.com/watch?v=ExJS8FUam5k&list=LM"
"Dark Stone","Holy Fawn","","6:16","https://music.youtube.com/watch?v=yb7TEn8079I&list=LM"
"The Legend","Pallbearer","Sorrow and Extinction","8:47","https://music.youtube.com/watch?v=y6EcIXaHoeU&list=LM"
"Cursing The One","Monolord","Vænir","8:54","https://music.youtube.com/watch?v=bAfN574Ld8U&list=LM"
"Give Something","The Soft Moon","Criminal","4:31","https://music.youtube.com/watch?v=z65pvNxVeBk&list=LM"
"In Blueberry Memories","Nothing","The Great Dismal","5:19","https://music.youtube.com/watch?v=K5XGjtFOM0k&list=LM"
"in my restless dreams, i see that town","nobody","","1:00:41","https://music.youtube.com/watch?v=pewjdvQbRTs&list=LM"
"My Death","Mayhem","","5:55","https://music.youtube.com/watch?v=MeMqJO1fv3Y&list=LM"
"Chimera","Mayhem","","7:01","https://music.youtube.com/watch?v=BrpaU8QY0FA&list=LM"
"war","We Are Not Friends","Nextime","2:40","https://music.youtube.com/watch?v=EysPtYHDeU8&list=LM"
"WRECK","Nextime","WRECK","2:45","https://music.youtube.com/watch?v=IbeHmmV810k&list=LM"
"GAME OF THRONES - The Piano Medley | Costantino Carrara","Костантино Каррара","","4:53","https://music.youtube.com/watch?v=UE0y8MHqT-g&list=LM"
"Suite Espanola, Op. 47: V. Asturias","Michael Lucarelli","Choices","6:10","https://music.youtube.com/watch?v=XlBLsC5oAWg&list=LM"
"The Entertainer","Michael Lucarelli","Favorites","4:28","https://music.youtube.com/watch?v=K8Pqt5lJV-4&list=LM"
"Fandango, Op. 73, No. 2","Michael Lucarelli","Plays Ferdinando Carulli","2:53","https://music.youtube.com/watch?v=6KwQ1cNZpnc&list=LM"
"Malaguena","Michael Lucarelli","Favorites","3:13","https://music.youtube.com/watch?v=vysJmRKxcho&list=LM"
"Ave Maria","Michael Lucarelli","Favorites","4:00","https://music.youtube.com/watch?v=JEIKXlaxBZY&list=LM"
"Swirl","Soul Blind","Untitled","3:07","https://music.youtube.com/watch?v=ysYL7zDbXXo&list=LM"
"Blaviken","Bjorth","","3:14","https://music.youtube.com/watch?v=ch_VyFmpqTg&list=LM"
"Heidr (Instrumental)","Instrumental EP vol.1","","2:42","https://music.youtube.com/watch?v=ADG_bfoAriE&list=LM"
"Myrkvidr (Instrumental)","Bjorth","Instrumental EP vol.1","3:25","https://music.youtube.com/watch?v=WoygELd4FMg&list=LM"
"Norse Viking Music - Úlfhéðnar","Dervhengrym","","5:03","https://music.youtube.com/watch?v=sTPDmZx3gKk&list=LM"
"Berserkr (The Henbane Experience)","Aethyrien","","6:09","https://music.youtube.com/watch?v=weed4iQgODk&list=LM"
"Closer","Sundazer","Closer","4:15","https://music.youtube.com/watch?v=Up129IQUWTs&list=LM"
"Labor of Death","Forever Grey","Departed","4:13","https://music.youtube.com/watch?v=P0ACLz5SUN8&list=LM"
"Khmary","Sexual Purity","Khmary","3:35","https://music.youtube.com/watch?v=3bMWGT-kqhQ&list=LM"
"The Path","Sexual Purity","Paranoia","3:02","https://music.youtube.com/watch?v=HLo2T2WzXvM&list=LM"
"Is It Really You?","Loathe","I Let It in and It Took Everything","4:48","https://music.youtube.com/watch?v=q2_vW8jN454&list=LM"
"WASTE","Kxllswxtch","","2:05","https://music.youtube.com/watch?v=csZTPVCLHyk&list=LM"
"loathe - is it really you? (slowed + reverb)","memories consume","","5:20","https://music.youtube.com/watch?v=cEdrzKArhKs&list=LM"
"Radiohead  I will","OttO Dash","","4:24","https://music.youtube.com/watch?v=XWZmzdpyUTY&list=LM"
"Ägräs","Ajattara","Itse","4:17","https://music.youtube.com/watch?v=a26UoMmolQw&list=LM"
"Beware","Deftones","Saturday Night Wrist","6:01","https://music.youtube.com/watch?v=FzjaN0gPvaE&list=LM"
"Drown","Rain Check","Drown","2:57","https://music.youtube.com/watch?v=UxxMhxBqRcw&list=LM"
"Killer","Mareux","","3:04","https://music.youtube.com/watch?v=XGH-3voxcVk&list=LM"
"Danphe and the Brain","Mogwai","The Hawk Is Howling","5:18","https://music.youtube.com/watch?v=KMtEI5Og88E&list=LM"
"We're No Here","Mogwai","Mr. Beast","5:42","https://music.youtube.com/watch?v=Vhs_VOq6Ty4&list=LM"
"I Love You, I'm Going to Blow Up Your School","Mogwai","The Hawk Is Howling","7:34","https://music.youtube.com/watch?v=6eAfUydSnYQ&list=LM"
"Dracula Bells","Have A Nice Life","Sea of Worry","7:45","https://music.youtube.com/watch?v=WA5YHqtLMug&list=LM"
"Centralia","God Is An Astronaut","Helios / Erebus","6:48","https://music.youtube.com/watch?v=Go6MvDIzYk0&list=LM"
"Lyra","A Tergo Lupi","Out of the Fence","4:07","https://music.youtube.com/watch?v=7WPUKByw8ks&list=LM"
"Back to the Roots","A Tergo Lupi","","5:25","https://music.youtube.com/watch?v=YUmx_9cU4pE&list=LM"
"Warmth of You","Planning For Burial","Below the House","3:34","https://music.youtube.com/watch?v=5JPliBhRudU&list=LM"
"Emptiness Will Eat the Witch","Have A Nice Life","The Unnatural World","8:50","https://music.youtube.com/watch?v=g1NMx2kOJ9g&list=LM"
"In My Head","Bedroom","In My Head","5:55","https://music.youtube.com/watch?v=mzFZMt46tWk&list=LM"
"I'm Going to Do It","Giles Corey","Giles Corey","6:17","https://music.youtube.com/watch?v=lbhAzwrSjL0&list=LM"
"Serein","Katatonia","","4:58","https://music.youtube.com/watch?v=P_o_j6v3PGE&list=LM"
"Andreas Rönnberg - Insanity (Official Song Video)","TeamPsykskallar","","3:25","https://music.youtube.com/watch?v=Ni01hSes-Kw&list=LM"
"Not Anymore","Andreas Rönnberg","Cry of Fear (Lost Tracks & Memories)","1:43","https://music.youtube.com/watch?v=asUJo_F80x8&list=LM"
"Sometimes","Andreas Rönnberg","Cry of Fear (Lost Tracks & Manhunt)","3:37","https://music.youtube.com/watch?v=zpVlS1XViyE&list=LM"
"MoozE - S.A.D. {STALKER Clear Sky OST}","PseudoProf","","4:36","https://music.youtube.com/watch?v=KZkCjq9hCbg&list=LM"
"Terrapack - Empty Noise {S.T.A.L.K.E.R.}","PseudoProf","","2:34","https://music.youtube.com/watch?v=e4EopfFN0-I&list=LM"
"A Monster","Waveshaper","Furi (Original Game Soundtrack)","4:20","https://music.youtube.com/watch?v=F0XOtL2E32A&list=LM"
"Answering Machine","Ruby Haunt","The Middle of Nowhere","5:09","https://music.youtube.com/watch?v=3U_LjQKV4FM&list=LM"
"Dance With Night Wind","AKIRA YAMAOKA","SILENT HILL3 （Original Soundtrack）","5:22","https://music.youtube.com/watch?v=MiFeu9m9Mvo&list=LM"
"A Stray Child","AKIRA YAMAOKA","SILENT HILL3 （Original Soundtrack）","5:29","https://music.youtube.com/watch?v=9TzIS71hM50&list=LM"
"Leathers","Deftones","","4:11","https://music.youtube.com/watch?v=sPO81Fz4s2g&list=LM"
"Rosemary","Deftones","Koi No Yokan","6:54","https://music.youtube.com/watch?v=fZcAQ0kuw1s&list=LM"
"God Luck and Good Speed","Weedeater","God Luck and Good Speed","4:26","https://music.youtube.com/watch?v=MQmWE1J_gXo&list=LM"
"In the Shadow of Sunset","James Quinn","In the Shadow of Sunset","2:48","https://music.youtube.com/watch?v=KU_SntNB66w&list=LM"
"From Dust to the Beyond","God Is An Astronaut","The End of the Beginning (2011 Remastered Edition)","5:01","https://music.youtube.com/watch?v=8gq72c_rUyo&list=LM"
"Frozen Twilight","God Is an Astronaut","A Moment of Stillness (2011 Remastered Edition)","6:18","https://music.youtube.com/watch?v=eI747NQQJpk&list=LM"
"Outline","Gleemer","Here at All","3:26","https://music.youtube.com/watch?v=MPJmsHJS39I&list=LM"
"Blood Moon","Converge","Chelsea Wolfe","7:51","https://music.youtube.com/watch?v=OVPaUUokkRc&list=LM"
"The March of the Stones","A Tergo Lupi","","4:10","https://music.youtube.com/watch?v=xvG6Nwo8o7U&list=LM"
"Change (In the House of Flies) (Acoustic)","Deftones","","3:58","https://music.youtube.com/watch?v=WPpDyIJdasg&list=LM"
"Digital Bath","Deftones","","4:14","https://music.youtube.com/watch?v=O_IIAYZL1R4&list=LM"
"Blur","Superheaven","","3:24","https://music.youtube.com/watch?v=zTvxaX6_nWs&list=LM"
"Covet","Basement","Colourmeinkindness","3:48","https://music.youtube.com/watch?v=LVn5k88DmUM&list=LM"
"Uncover","Narrow Head","Satisfaction","3:34","https://music.youtube.com/watch?v=_lMJh7Wcfr0&list=LM"
"Disturbed Lines, The Mansion (Live Version)","LudoWic","Katana Zero (Original Soundtrack) [Live]","6:44","https://music.youtube.com/watch?v=SaAv9Na8tNg&list=LM"
"Jam 1","LudoWic","LudoWic Jams (2019)","8:34","https://music.youtube.com/watch?v=rLuxMi2enn4&list=LM"
"Overdose","LudoWic","Katana Zero (Original Soundtrack)","4:27","https://music.youtube.com/watch?v=EO2lkMIxvUU&list=LM"
"Katana Zero (Ost-Version)","LudoWic","Katana Zero (Original Soundtrack)","5:48","https://music.youtube.com/watch?v=CfSwxETYAd8&list=LM"
"Full Confession","LudoWic","Katana Zero (Original Soundtrack)","4:06","https://music.youtube.com/watch?v=DeHp5pPUPzI&list=LM"
"Sail To The Moon","Radiohead","Hail To the Thief","4:19","https://music.youtube.com/watch?v=INvrv9ppxvQ&list=LM"
"True Love Waits","Radiohead","A Moon Shaped Pool","4:44","https://music.youtube.com/watch?v=WSnc_6Z7HqQ&list=LM"
"Bullet Proof ... I Wish I Was","Radiohead","The Bends","3:29","https://music.youtube.com/watch?v=KkCgUI_g2oo&list=LM"
"High and Dry","Radiohead","The Bends","4:18","https://music.youtube.com/watch?v=7fv84nPfTH0&list=LM"
"Tinker Tailor Soldier Sailor Rich Man Poor Man Beggar Man Thief","Radiohead","A Moon Shaped Pool","5:04","https://music.youtube.com/watch?v=hetqKun4XFg&list=LM"
"Dollars and Cents","Radiohead","Amnesiac","4:52","https://music.youtube.com/watch?v=egUFlyfE1PY&list=LM"
"All I Need","Radiohead","In Rainbows","3:49","https://music.youtube.com/watch?v=FM7ALFsOH4g&list=LM"
"There, There","Radiohead","Hail To the Thief","5:24","https://music.youtube.com/watch?v=Z2aH-sluR5s&list=LM"
"Pyramid Song","Radiohead","","4:57","https://music.youtube.com/watch?v=3M_Gg1xAHE4&list=LM"
"Creep (Acoustic)","Radiohead","Creep EP","4:19","https://music.youtube.com/watch?v=4BX5xpB2DBM&list=LM"
"Pyramid Song","Radiohead","Amnesiac","4:49","https://music.youtube.com/watch?v=2Agt3XfmccM&list=LM"
"Street Spirit (Fade Out)","Radiohead","The Bends","4:14","https://music.youtube.com/watch?v=2y6kop0VTXY&list=LM"
"Everything In Its Right Place","Radiohead","Kid A","4:12","https://music.youtube.com/watch?v=NUnXxh5U25Y&list=LM"
"Cat Scratch Fever","Motorhead","March Or Die","3:53","https://music.youtube.com/watch?v=9cA5gp3ExV4&list=LM"
"An Heir To Emptiness","Daylight Dies","A Frail Becoming","8:43","https://music.youtube.com/watch?v=W4TEJy20z5g&list=LM"
"A Life Less Lived","Daylight Dies","Dismantling Devotion","8:24","https://music.youtube.com/watch?v=jTw--7QBrgg&list=LM"
"Dead Air","Daylight Dies","Dismantling Devotion","5:24","https://music.youtube.com/watch?v=F5qwf-WTCY4&list=LM"
"Hollow","Totalselfhatred","Solitude","8:07","https://music.youtube.com/watch?v=p4EykjUqA-E&list=LM"
"A Room Between the Rooms","Kammarheit","The Starwheel","6:34","https://music.youtube.com/watch?v=keNASMqOFtA&list=LM"
"monolith","monolith mnlth","monolith","47:12","https://music.youtube.com/watch?v=U__1_2trJAk&list=LM"
"dark sadcore // death liminal spaces // agonized souls","Satanic lofi music","","1:22:27","https://music.youtube.com/watch?v=YZp82vwK24U&list=LM"
"Kanonenfieber - Live in Munich, Germany (09/04/2023)","Black Metal Promotion","","53:28","https://music.youtube.com/watch?v=l-_ogvZPDWQ&list=LM"
"GUITAR BATTLE / EpicPlay Полуфинал 9 серия / Обмани нейросеть","Guitar Battle","","1:42:26","https://music.youtube.com/watch?v=VqTMMAjDfEU&list=LM"
"GUITAR BATTLE / EpicPlay 1/4 финала 8 серия / Джем навылет","Guitar Battle","","1:36:19","https://music.youtube.com/watch?v=ktP0-eXYHp8&list=LM"
"Pneuma","Tool","","10:10","https://music.youtube.com/watch?v=kZKIwozGEx8&list=LM"
"GUITAR BATTLE / EpicPlay 1/8 финала 6 серия / Noname","Guitar Battle","","54:41","https://music.youtube.com/watch?v=NkGE_TzQvIc&list=LM"
"GUITAR BATTLE / EpicPlay 1/8 финала 5 серия / Да Будет Битва!","Guitar Battle","","1:06:58","https://music.youtube.com/watch?v=w-JjsaA2TqI&list=LM"
"Silent Hill 2: Soundtrack Cover","Matty Thomas Taylor","","33:34","https://music.youtube.com/watch?v=6eKL16ShKSI&list=LM"
"Minenwerfer - Feuerwalze (Full Album)","Black Metal Promotion","","48:39","https://music.youtube.com/watch?v=M4KmUxZ7bxs&list=LM"
"Burzum - Det Som Engang Var (full version)","L.E. Eriksson","","14:25","https://music.youtube.com/watch?v=Wry9G6rcdQw&list=LM"
"My Eternal Grief, Anguish Neverending","NargarothChannel","","8:10","https://music.youtube.com/watch?v=WAEG_wqhj_s&list=LM"
"Ewan Dobson - Molten Anguish {7-String}","Юэн Добсон","","5:33","https://music.youtube.com/watch?v=ZlYEi5BZEk4&list=LM"
"Ewan Dobson - Blue Rose [2021]","Юэн Добсон","","4:23","https://music.youtube.com/watch?v=tWCCAZggnE4&list=LM"
"Ewan Dobson - Fatally Enlightened","Юэн Добсон","","5:13","https://music.youtube.com/watch?v=BFmKcp4D2cc&list=LM"
"The Rite of Our Cross","Satyricon","Now, Diabolical","5:46","https://music.youtube.com/watch?v=1I_olo54eLs&list=LM"
"The Pot","Tool","","6:23","https://music.youtube.com/watch?v=V5tLbq_xz1c&list=LM"
"Uzh I Ya Li Moloda, Tonkopriaditsa Byla","Andrey Vinogradov","","7:35","https://music.youtube.com/watch?v=gSNQe0XM58A&list=LM"
"Lateralus","Vitamin String Quartet","","8:49","https://music.youtube.com/watch?v=fyDA6CTVqgw&list=LM"
"No Quarter - Ernesto Schnack","Ernesto Schnack","","9:00","https://music.youtube.com/watch?v=XNq5w9WHEmg&list=LM"
"Descending - TOOL | Solo Acoustic Guitar Cover","Ernesto Schnack","","12:00","https://music.youtube.com/watch?v=XNuZmqcLjzM&list=LM"
"Dicke Titten","Rammstein","","5:47","https://music.youtube.com/watch?v=thJgU9jkdU4&list=LM"
"None - Life Has Gone On Long Enough (Full Album)","Black Metal Promotion","","52:31","https://music.youtube.com/watch?v=9VbL1E3vJOM&list=LM"
"I Play With 5 AMAZING Fan Solos","CharlesBerthoud","","8:02","https://music.youtube.com/watch?v=johdtEqG2E4&list=LM"
"1914 - The Blind Leading the Blind (Full Album)","Black Metal Promotion","","56:13","https://music.youtube.com/watch?v=O5eIj2ePC5E&list=LM"
"Zeit","Rammstein","","6:20","https://music.youtube.com/watch?v=EbHGS_bVkXY&list=LM"
"Room Of Angel","AKIRA YAMAOKA","SILENT HILL4 -THE ROOM- (Original Soundtrack)","7:09","https://music.youtube.com/watch?v=eX6GmN4usKY&list=LM"
"Всё идёт по плану — DSBM cover","RADIOALIEN 22","","1:18","https://music.youtube.com/watch?v=H7d7AMbZ92k&list=LM"
"Metallica | РОК ЖИВ","Александр Пушной","","24:03","https://music.youtube.com/watch?v=-kijgs1UMLo&list=LM"
"HISTORY OF METAL","Andrea Boma Boccarusso","","12:25","https://music.youtube.com/watch?v=kbk7ThCAApk&list=LM"
"Time","Eiro Nareth","","6:09","https://music.youtube.com/watch?v=mc5WqcFmtq4&list=LM"
"15 SAD RIFFS","Andrea Boma Boccarusso","","12:16","https://music.youtube.com/watch?v=6cxkWGFllgE&list=LM"
"The Witcher 3 - Steel for Humans / Lazare (Gingertail Cover)","Алина Рыжехвост","","2:51","https://music.youtube.com/watch?v=bmQwZhcZkbU&list=LM"
"Pestilence Shall Come","Advent Sorrow","","6:02","https://music.youtube.com/watch?v=kgijKmkw-v8&list=LM"
"Виктор Цой (группа КИНО) - Спокойная Ночь (партия  Ю.Каспаряна)","Гитарный рифф","","6:14","https://music.youtube.com/watch?v=pld9KjxgBRM&list=LM"
"Morbid Angel - Desolate Ways Full Cover","Simon Smith","","1:43","https://music.youtube.com/watch?v=YhcxKKVMfWg&list=LM"
"Calm in Ire (Of Hurricane)","Abbath","","4:32","https://music.youtube.com/watch?v=LIk1f0_5FPA&list=LM"
"Winterbane","Abbath","","5:13","https://music.youtube.com/watch?v=Yv-oC5zCwn8&list=LM"
"Harvest Pyre","Abbath","","4:34","https://music.youtube.com/watch?v=T_qa-wNbC4w&list=LM"
"BELZEBUBS - Cathedrals Of Mourning (OFFICIAL VIDEO)","Century Media Records","","5:27","https://music.youtube.com/watch?v=SkdkZN1rduo&list=LM"
"Deutschland","Rammstein","","9:23","https://music.youtube.com/watch?v=NeQM1c-XCDc&list=LM"
"Alina Gingertail - Ginger Jig","Alina Gingertail","","1:37","https://music.youtube.com/watch?v=Bx3q_ZubwSI&list=LM"
"Time","Eiro Nareth","","6:01","https://music.youtube.com/watch?v=SaZiUBfXKEs&list=LM"
"Lacuna Coil - Our Truth (Cover With Russian Vocal) feat Svetlana Amelchenko","Vladimir Zelentsov","","3:46","https://music.youtube.com/watch?v=Ut4SLrKg9Cc&list=LM"
"Bloodborne - Cleric Beast Theme (Gingertail Cover)","Алина Рыжехвост","","3:03","https://music.youtube.com/watch?v=1Q2ixrm10AY&list=LM"
"Rotting Christ-The Call (Official Lyric Video)","Rotting Christ","","5:06","https://music.youtube.com/watch?v=wAh-zHFYgl0&list=LM"
"TES V: Skyrim - Tale of the Tongues (Gingertail Cover)","Алина Рыжехвост","","3:30","https://music.youtube.com/watch?v=-pKGQ-Fp25I&list=LM"
"Enchanter - Dragon Age Inquisition (Gingertail Cover)","Алина Рыжехвост","","3:28","https://music.youtube.com/watch?v=deJWab2-xtc&list=LM"
"Ladies of the Woods - The Witcher 3: Wild Hunt (Gingertail Cover)","Алина Рыжехвост","","2:57","https://music.youtube.com/watch?v=BKHUZ7CufC4&list=LM"
"Lullaby of Woe - Witcher 3: Blood and Wine (Gingertail Cover)","Алина Рыжехвост","","3:12","https://music.youtube.com/watch?v=10nHhBxh3H8&list=LM"
"Sonne","Rammstein","","4:13","https://music.youtube.com/watch?v=StZcUAPRRac&list=LM"